FrameTrace-draw_line,FrameTrace-x_line,FrameTrace_line,arm,bf_bgc_hold,bf_edge,bf_gc_hold,bf_n,bf_xover,blk,block,buf_new,dispatches,draws,dt_us,fbp_n,fr_n,gclk_adv,gclk_n,gclk_sadv,idx,img_free,img_free_us,img_init_us,img_ins_us,img_new,img_rec_hit,img_rec_put,img_up,img_up_kb,n,rec_kb,rec_n,rt_att,rt_kpx,submits,texlru_n,texlru_rep
502041,502043,502040,0,5,1,5,3564,1,3,3,0,249,4100,50207,0,0,111034442,277,37796616,0,0,0,0,1141,8,0,0,9,7680,2071,0,0,8058,16133077,34,22217,22217
502135,502137,502134,0,0,0,0,0,0,3,3,1,329,7370,66453,3,0,180853750,365,61448998,1,13,145,0,1031,54,3,11,64,173075,2072,0,0,22178,44726077,60,317872,314735
502226,502228,502225,0,0,0,0,0,0,3,3,3,270,6118,50591,2,0,126953250,304,41947574,2,9,96,0,221,9,6,9,19,156498,2073,0,0,11778,23657492,44,182993,181268
502388,502390,502387,0,0,0,0,0,0,3,3,3,302,5134,49668,2,0,124031700,421,40963832,3,14,103,0,7,7,7,8,23,205970,2074,0,0,12077,24276869,47,170610,168971
502489,502491,502488,0,0,0,0,0,0,3,3,3,438,5350,50686,3,0,125313008,405,41439028,4,10,73,0,9,10,10,13,22,159296,2075,0,0,12220,24396733,52,196958,195055
502649,502651,502648,0,0,0,0,0,0,3,3,0,269,5633,49486,2,0,105392117,299,34835963,5,7,57,0,9,11,11,5,20,137216,2076,0,0,14048,28266625,41,172647,170964
502658,502660,502657,0,0,0,0,0,0,3,3,1,97,3856,32524,1,0,96043800,193,31783424,6,3,31,0,2,1,1,7,9,66514,2077,0,0,9257,18735067,27,155041,153567
502829,502831,502828,0,0,0,0,0,0,3,3,1,438,5149,50704,3,0,129740950,405,44155146,7,16,119,0,11,11,11,8,25,210066,2078,0,0,11963,23874283,54,195400,193503
502964,502966,502963,0,0,0,0,0,0,3,3,1,269,5399,50011,2,0,112452833,299,38199788,8,7,73,0,190,8,7,11,17,140672,2079,0,0,12851,25842700,41,172659,170940
503079,503082,503078,0,0,0,0,0,0,3,3,1,287,5497,50062,3,0,137451300,339,46625267,9,43,246,0,9,9,9,7,20,122642,2080,0,0,14649,29483650,45,236844,234451
503261,503263,503260,0,0,0,0,0,0,3,3,1,268,5331,49217,2,0,106008667,299,35900627,10,9,74,0,6,5,5,40,13,99264,2081,0,0,14050,28270675,43,154044,152315
503352,503354,503351,0,0,0,0,0,0,3,3,5,269,5563,50397,2,0,117599608,299,39825145,11,8,74,0,8,8,8,12,17,140608,2082,0,0,15261,30719152,39,191008,189320
503442,503444,503441,0,0,0,0,0,0,3,3,7,309,5837,49740,2,0,150320167,326,50825063,12,7,71,0,14,12,12,8,27,137362,2083,0,0,12337,24796533,46,248720,246269
503532,503534,503531,0,0,0,0,0,0,3,3,1,302,5863,50147,2,0,125179725,423,42281180,13,10,94,0,183,5,4,5,16,131968,2084,0,0,12027,24156400,52,176349,174619
503679,503681,503678,0,0,0,0,0,0,3,3,0,193,2290,33457,2,0,63875832,148,21546829,14,5,43,0,6,7,7,6,9,89472,2085,0,0,7855,15732866,20,70868,69914
503772,503774,503771,0,0,0,0,0,0,3,3,1,267,4007,50497,2,0,143171488,299,49401401,15,5,41,0,5,5,5,11,16,120594,2086,0,0,7447,14894283,39,168756,167100
503862,503864,503861,0,0,0,0,0,0,3,3,1,269,5674,49579,2,0,105662155,299,36447091,16,5,41,0,8,7,7,5,17,106304,2087,0,0,15712,31630908,36,172444,170646
504022,504024,504021,0,0,0,0,0,0,3,3,1,268,5406,49759,2,0,118159925,299,40684389,17,7,72,0,7,6,6,5,14,99776,2088,0,0,14442,29059158,39,188656,186959
504114,504116,504113,0,0,0,0,0,0,3,3,2,310,5881,50190,2,0,151280450,326,51974704,18,8,74,0,8,6,6,6,18,117696,2089,0,0,12262,24644658,46,248179,245715
504204,504206,504203,0,0,0,0,0,0,3,3,1,281,5667,49924,2,0,124932325,383,42789177,19,5,51,0,10,9,9,8,19,101888,2090,0,0,11776,23648125,50,177040,175309
504394,504396,504393,0,0,0,0,0,0,3,3,0,254,3780,49757,2,0,119657450,214,40897284,20,9,100,0,9,8,8,5,15,138642,2091,0,0,11485,23083616,31,166049,164378
542238,542240,542237,0,8,1,8,3844,1,7,7,0,267,4240,49623,0,0,142493095,299,48997804,0,0,0,0,0,0,0,0,1,1280,2431,0,0,8676,17338245,39,32529,32529
542427,542429,542426,0,0,0,0,0,0,7,7,7,289,6830,66780,3,0,145068101,339,49769744,1,9,241,0,1236,45,0,9,57,151809,2432,0,0,20787,41863020,53,226930,224612
542517,542519,542516,0,0,0,0,0,0,7,7,4,308,5338,50033,2,0,150336704,323,50337849,2,9,166,0,247,9,7,8,24,178468,2433,0,0,13447,27003318,47,265612,263107
542607,542609,542606,0,0,0,0,0,0,7,7,0,270,5796,49880,2,0,123705371,302,41203533,3,7,74,0,56,14,7,7,25,159634,2434,0,0,11622,23307693,41,172146,170476
542781,542783,542780,0,0,0,0,0,0,7,7,3,282,5635,50107,2,0,126244629,383,42059771,4,11,86,0,6,5,5,6,16,116608,2435,0,0,11864,23758825,43,178333,176618
542882,542884,542881,0,0,0,0,0,0,7,7,1,454,5396,50161,3,0,123096425,440,41005604,5,12,103,0,12,12,12,10,24,221376,2436,0,0,12257,24462805,59,192381,190498
542996,542998,542995,0,0,0,0,0,0,7,7,1,274,5398,50005,2,0,116677625,306,38859553,6,8,77,0,14,13,13,8,24,159058,2437,0,0,12067,24151642,46,173196,171489
543188,543190,543187,0,0,0,0,0,0,7,7,1,268,5456,50063,2,0,112262070,299,37390706,7,9,88,0,275,8,6,8,18,155986,2438,0,0,14422,28977693,44,175264,173534
543279,543281,543278,0,0,0,0,0,0,7,7,1,287,5479,49798,3,0,139401955,339,46428853,8,14,88,0,7,7,7,9,19,127122,2439,0,0,14331,28793418,44,241448,239031
543425,543427,543424,0,0,0,0,0,0,7,7,1,269,5307,49730,2,0,113706200,299,37884127,9,26,169,0,15,6,5,7,15,100288,2440,0,0,13796,27710043,39,170705,168993
543517,543519,543516,0,0,0,0,0,0,7,7,5,308,5581,50050,2,0,142122375,323,47372159,10,7,64,0,21,7,6,31,17,117696,2441,0,0,14556,29249043,45,246732,244251
543607,543609,543606,0,0,0,0,0,0,7,7,0,270,6337,49915,2,0,119032600,302,39675021,11,10,90,0,213,9,6,7,18,102336,2442,0,0,11677,23413751,40,172157,170470
543697,543699,543696,0,0,0,0,0,0,7,7,5,268,4574,49953,2,0,127600571,299,42536437,12,6,50,0,5,5,5,6,13,99264,2443,0,0,11815,23693201,39,175066,173352
543843,543845,543842,0,0,0,0,0,0,7,7,0,266,3928,49853,2,0,125681711,296,41899815,13,5,42,0,6,5,5,11,13,99264,2444,0,0,11709,23477032,36,173327,171611
543933,543935,543932,0,0,0,0,0,0,7,7,1,268,4702,50711,2,0,128798668,299,42948384,14,10,88,0,6,5,5,5,15,105216,2445,0,0,11724,23507407,38,173385,171656
544023,544025,544022,0,0,0,0,0,0,7,7,0,270,5854,49583,2,0,122361000,302,40754405,15,5,45,0,9,8,8,6,17,101312,2446,0,0,11694,23446657,41,173710,171977
544155,544157,544154,0,0,0,0,0,0,7,7,1,268,5169,49841,2,0,121798596,299,40596150,16,6,62,0,6,5,5,9,13,99264,2447,0,0,11704,23466907,38,174535,172854
544245,544247,544244,0,0,0,0,0,0,7,7,1,267,4111,49930,2,0,127113579,298,42378621,17,7,62,0,7,6,6,6,15,105216,2448,0,0,11663,23383882,35,171487,169777
544335,544337,544334,0,0,0,0,0,0,7,7,1,268,4997,50311,2,0,124183521,299,41405998,18,5,38,0,7,7,7,5,16,100800,2449,0,0,11751,23562082,39,174466,172771
544495,544497,544494,0,0,0,0,0,0,7,7,4,271,5965,49817,2,0,127535079,318,42501919,19,6,63,0,5,5,5,7,13,99264,2450,0,0,11841,23708452,41,182918,181173
544586,544588,544585,0,0,0,0,0,0,7,7,1,223,2334,33312,2,0,66798896,254,22267792,20,5,43,0,4,4,4,5,12,92736,2451,0,0,7080,14145263,27,67522,66660
580552,580558,580551,0,8,1,8,4837,1,11,11,0,268,4961,56422,0,0,141740526,299,48548598,0,0,0,0,0,0,0,0,1,1280,2791,0,0,12163,24388787,39,34187,34187
580696,580698,580695,0,0,0,0,0,0,11,11,1,330,8341,76811,3,0,188905417,365,63920642,1,11,126,0,1370,42,1,10,52,169171,2792,0,0,23729,47809937,57,328598,325505
580786,580788,580785,0,0,0,0,0,0,11,11,1,269,5994,50282,2,0,129689700,301,42060817,2,9,93,0,258,11,7,8,21,157522,2793,0,0,12232,24530541,45,177525,175864
580879,580881,580878,0,0,0,0,0,0,11,11,1,282,5182,49839,2,0,122857925,382,39860757,3,8,71,0,7,8,8,9,21,173330,2794,0,0,12477,24991286,44,183377,181660
581011,581013,581010,0,0,0,0,0,0,11,11,2,289,5357,49663,2,0,125464050,343,40802194,4,6,62,0,6,5,5,5,15,131904,2795,0,0,12727,25537723,42,178353,176661
581116,581118,581115,0,0,0,0,0,0,11,11,1,438,5476,50510,3,0,121924425,403,39750453,5,10,85,0,10,9,9,6,22,159296,2796,0,0,12516,24914914,52,202135,200236
581295,581297,581294,0,0,0,0,0,0,11,11,3,269,5393,50126,2,0,112740783,299,36790174,6,5,45,0,22,7,6,6,16,100800,2797,0,0,13522,27147598,39,177558,175824
581410,581412,581409,0,0,0,0,0,0,11,11,1,268,5359,49512,2,0,113292392,299,37018351,7,6,59,0,174,5,4,5,15,105216,2798,0,0,13948,28010248,44,174174,172437
581501,581503,581500,0,0,0,0,0,0,11,11,3,285,5342,50271,3,0,151035158,321,49456177,8,10,96,0,11,10,10,6,17,135680,2799,0,0,13560,27224548,45,248604,246200
581592,581594,581591,0,0,0,0,0,0,11,11,4,270,5301,49776,2,0,110811442,317,36334209,9,30,183,0,6,6,6,10,17,121106,2800,0,0,13728,27564748,39,157797,156138
581754,581756,581753,0,0,0,0,0,0,11,11,3,269,5566,50022,2,0,114030121,299,37444079,10,5,36,0,6,5,5,27,13,99264,2801,0,0,15022,30185098,38,179350,177652
581845,581847,581844,0,0,0,0,0,0,11,11,1,268,5585,50244,2,0,150854854,300,49593563,11,6,56,0,7,5,5,8,15,105216,2802,0,0,15074,30285081,39,178568,176850
581937,581939,581936,0,0,0,0,0,0,11,11,2,309,5569,49451,2,0,120209050,324,39554141,12,6,57,0,203,10,9,6,21,114304,2803,0,0,12222,24509781,47,278379,275855
582027,582029,582026,0,0,0,0,0,0,11,11,2,282,6126,50624,2,0,129117383,366,42564008,13,6,58,0,192,5,4,5,14,99328,2804,0,0,12296,24620713,44,184829,183120
582159,582161,582158,0,0,0,0,0,0,11,11,0,213,2915,49684,2,0,96908592,206,31944152,14,4,24,0,3,4,4,5,9,86720,2805,0,0,10018,20085599,25,75788,74930
582249,582251,582248,0,0,0,0,0,0,11,11,1,267,4228,49986,2,0,142881283,299,47151159,15,6,59,0,7,5,5,6,13,99264,2806,0,0,8351,16671006,38,179960,178196
582340,582342,582339,0,0,0,0,0,0,11,11,0,269,5734,49828,2,0,114351199,299,37773874,16,5,43,0,9,7,7,6,17,106304,2807,0,0,15924,32006331,40,195213,193570
582473,582475,582472,0,0,0,0,0,0,11,11,2,268,5437,50267,2,0,115255768,299,38106473,17,15,98,0,5,5,5,5,13,99264,2808,0,0,14369,28857456,39,181103,179400
582563,582565,582562,0,0,0,0,0,0,11,11,2,309,5497,49956,2,0,152841450,325,50550193,18,7,81,0,9,6,6,15,18,117696,2809,0,0,12676,25429131,45,252886,250413
582653,582655,582652,0,0,0,0,0,0,11,11,3,269,5898,49922,2,0,120661000,300,39935750,19,5,41,0,7,6,6,6,15,100288,2810,0,0,12080,24222231,39,173943,172254
582787,582789,582786,0,0,0,0,0,0,11,11,0,226,3117,49776,2,0,106158507,272,35159126,20,4,29,0,4,5,5,5,11,87296,2811,0,0,9410,18815481,31,79897,78961
618866,618868,618865,0,5,1,5,3364,1,15,15,0,243,3402,39279,0,0,91320225,252,30808829,0,0,0,0,0,0,0,0,1,1280,3151,0,0,6744,13492185,32,25435,25435
619056,619058,619055,0,0,0,0,0,0,15,15,1,335,8107,76872,3,0,207522871,372,71070339,1,10,124,0,1092,36,1,9,45,162514,3152,0,0,23443,47229769,59,324900,321797
619148,619150,619147,0,0,0,0,0,0,15,15,1,276,6093,50476,2,0,126026754,334,41327570,2,9,103,0,205,9,6,8,20,161938,3153,0,0,12191,24474070,47,183534,181808
619240,619242,619239,0,0,0,0,0,0,15,15,1,297,5436,49684,2,0,124961600,395,40973757,3,14,134,0,48,13,10,9,27,208018,3154,0,0,12779,25645254,48,174547,172840
619416,619418,619415,0,0,0,0,0,0,15,15,1,231,3497,33552,2,0,79550450,168,26130609,4,4,42,0,6,5,5,10,13,106002,3155,0,0,11458,23046410,26,168043,166429
619507,619509,619506,0,0,0,0,0,0,15,15,2,270,5859,50005,2,0,129119525,304,43549107,5,5,42,0,5,5,5,5,17,122496,3156,0,0,12182,24455845,42,183751,182020
619599,619601,619598,0,0,0,0,0,0,15,15,1,303,5420,50264,2,0,124539925,425,42005265,6,9,71,0,23,12,11,5,22,135040,3157,0,0,12645,25328334,49,169877,168184
619722,619724,619721,0,0,0,0,0,0,15,15,4,437,5360,49849,3,0,120791500,401,40685427,7,10,81,0,8,9,9,8,25,210066,3158,0,0,12229,24454452,50,195759,193952
619918,619920,619917,0,0,0,0,0,0,15,15,2,269,5408,50116,2,0,111013400,299,37370169,8,5,43,0,6,5,5,7,13,99264,3159,0,0,14337,28833622,37,176224,174531
620011,620013,620010,0,0,0,0,0,0,15,15,4,270,5411,49781,2,0,142244425,302,47841553,9,28,169,0,178,7,6,5,17,106304,3160,0,0,14372,28904497,41,175673,173994
620102,620104,620101,0,0,0,0,0,0,15,15,2,285,5245,49853,3,0,111474300,336,37474331,10,10,87,0,9,8,8,31,16,135168,3161,0,0,13668,27478897,44,229330,226865
620265,620267,620264,0,0,0,0,0,0,15,15,1,269,5532,50348,2,0,118518000,299,39826500,11,8,103,0,6,5,5,7,16,120594,3162,0,0,15189,30555124,39,194423,192775
620354,620356,620353,0,0,0,0,0,0,15,15,0,248,3633,32865,1,0,80892150,259,27157124,12,5,37,0,6,5,5,6,13,99264,3163,0,0,5872,11688199,31,107642,106621
620445,620447,620444,0,0,0,0,0,0,15,15,1,287,5518,50222,3,0,134253325,339,46101983,13,5,39,0,9,9,9,7,19,107328,3164,0,0,15019,30210874,46,222278,219866
620535,620537,620534,0,0,0,0,0,0,15,15,1,269,5637,50148,2,0,117690375,299,40483644,14,8,77,0,5,5,5,5,13,99264,3165,0,0,15654,31496749,39,198819,197178
620724,620726,620723,0,0,0,0,0,0,15,15,2,307,5422,49916,2,0,145585500,322,49942409,15,8,69,0,176,6,5,6,16,111744,3166,0,0,14563,29287474,49,252574,250109
620814,620816,620813,0,0,0,0,0,0,15,15,3,271,5855,49626,2,0,122630050,303,41960353,16,8,74,0,7,8,8,9,18,144658,3167,0,0,12074,24247249,44,175396,173742
620906,620908,620905,0,0,0,0,0,0,15,15,4,267,4439,50329,2,0,124420425,298,42509368,17,8,81,0,302,13,11,8,25,159634,3168,0,0,12084,24267499,38,175331,173616
620998,621000,620997,0,0,0,0,0,0,15,15,4,267,4641,49762,2,0,123738075,297,42170709,18,7,65,0,6,5,5,7,15,116544,3169,0,0,12094,24287749,41,174279,172562
621172,621174,621171,0,0,0,0,0,0,15,15,1,268,4970,50064,2,0,124103721,299,42235335,19,8,90,0,8,8,8,7,16,138706,3170,0,0,12174,24449749,40,175499,173793
621262,621264,621261,0,0,0,0,0,0,15,15,1,270,6061,49719,2,0,121759736,302,41364801,20,5,41,0,5,5,5,9,17,122496,3171,0,0,12099,24297874,39,174495,172804
659562,659564,659561,0,5,1,5,3499,1,19,19,0,249,4122,49535,0,0,107109245,259,36034299,0,0,0,0,849,14,0,0,17,8960,3511,0,0,8157,16312286,33,22133,22133
659723,659725,659722,0,0,0,0,0,0,19,19,4,328,7244,67070,3,0,182820280,363,61505015,1,11,123,0,954,44,1,10,52,164627,3512,0,0,22440,45233842,57,319717,316665
659813,659815,659812,0,0,0,0,0,0,19,19,0,270,5856,49665,2,0,123741975,302,40504323,2,11,110,0,201,9,7,11,20,161938,3513,0,0,12257,24617065,47,177656,175945
659905,659907,659904,0,0,0,0,0,0,19,19,1,281,5568,50739,2,0,129145275,368,42334699,3,8,77,0,31,12,10,8,23,158098,3514,0,0,12150,24388007,44,181424,179680
660065,660067,660064,0,0,0,0,0,0,19,19,1,288,5154,48974,2,0,121310675,336,39774282,4,7,55,0,76,6,5,5,18,149696,3515,0,0,12418,24943090,41,174840,173117
660166,660168,660165,0,0,0,0,0,0,19,19,2,351,5402,50766,3,0,126650525,416,41646086,5,14,95,0,10,9,9,9,21,158016,3516,0,0,12710,25428693,51,199879,197997
660273,660275,660272,0,0,0,0,0,0,19,19,4,358,5376,50016,2,0,118237125,308,38875194,6,6,46,0,19,9,8,9,19,103104,3517,0,0,12176,24379912,38,171983,170316
660435,660437,660434,0,0,0,0,0,0,19,19,4,268,5274,49639,2,0,112826825,299,37133185,7,5,36,0,5,5,5,5,13,99264,3518,0,0,13610,27359928,40,174376,172688
660578,660580,660577,0,0,0,0,0,0,19,19,1,268,5428,50108,2,0,115558650,299,38085350,8,6,48,0,6,5,5,5,15,105216,3519,0,0,14384,28928797,39,179260,177557
660598,660600,660597,0,0,0,0,0,0,19,19,1,267,3889,34385,2,0,112953450,299,37256006,9,41,229,0,178,5,4,6,13,99264,3520,0,0,8529,17072422,37,178948,177240
660705,660707,660704,0,0,0,0,0,0,19,19,2,269,5344,48494,2,0,115042675,299,38940660,10,8,66,0,10,9,9,41,18,101824,3521,0,0,12223,24552772,40,175516,173815
660888,660890,660887,0,0,0,0,0,0,19,19,1,268,5600,50468,2,0,107068525,299,36287994,11,6,56,0,6,5,5,8,13,99264,3522,0,0,15324,30828499,37,173415,171720
661030,661032,661029,0,0,0,0,0,0,19,19,2,287,5289,49678,3,0,147079875,339,49765632,12,8,79,0,6,5,5,6,15,105216,3523,0,0,13613,27363724,52,245043,242699
661120,661122,661119,0,0,0,0,0,0,19,19,1,268,5567,49894,2,0,110518595,299,37357139,13,8,87,0,14,14,14,8,23,138944,3524,0,0,15185,30547024,38,179981,178286
661210,661212,661209,0,0,0,0,0,0,19,19,0,269,5606,50225,2,0,109485855,299,36977584,14,7,65,0,230,5,4,8,16,120594,3525,0,0,15390,30962149,37,160512,158771
661356,661358,661355,0,0,0,0,0,0,19,19,2,309,5555,50239,2,0,155159595,325,52337350,15,8,72,0,8,6,6,6,16,111744,3526,0,0,12739,25593874,52,266874,264405
661446,661448,661445,0,0,0,0,0,0,19,19,4,276,6138,49745,2,0,125316850,334,42204010,16,8,80,0,205,8,7,8,18,144658,3527,0,0,12249,24587722,42,185291,183528
661537,661539,661536,0,0,0,0,0,0,19,19,0,219,3238,50166,2,0,92641976,238,31186314,17,4,32,0,8,6,6,8,15,105600,3528,0,0,11584,23265863,26,71161,70326
661698,661700,661697,0,0,0,0,0,0,19,19,4,267,4236,49484,2,0,139299950,299,46854880,18,7,107,0,6,6,6,5,14,99776,3529,0,0,8506,17020530,40,174877,173125
661788,661790,661787,0,0,0,0,0,0,19,19,1,269,5740,50340,2,0,117949474,299,39667433,19,7,58,0,6,5,5,6,15,105216,3530,0,0,15933,32060205,38,197703,195930
661878,661880,661877,0,0,0,0,0,0,19,19,1,310,6084,49928,2,0,148307825,326,49825907,20,6,118,0,13,10,10,8,21,114304,3531,0,0,12819,25754355,52,251965,249574
699490,699494,699489,0,8,1,8,4782,1,23,23,0,266,4849,55758,0,0,147087975,299,48975778,0,0,0,0,0,0,0,0,1,1280,3871,0,0,13366,26857473,39,37057,37057
699607,699609,699606,0,0,0,0,0,0,23,23,3,332,8731,77268,3,0,189300521,365,62464979,1,15,160,0,1242,37,1,14,45,162514,3872,0,0,25687,51807498,58,338036,334959
699754,699756,699753,0,0,0,0,0,0,23,23,0,268,5427,49889,2,0,121734354,299,38581791,2,8,104,0,211,8,6,8,18,155986,3873,0,0,13311,26749896,45,183333,181635
699844,699846,699843,0,0,0,0,0,0,23,23,1,270,6000,49796,2,0,130585825,303,41504300,3,8,81,0,8,8,8,8,18,155986,3874,0,0,13415,26956208,41,186806,185113
699934,699936,699933,0,0,0,0,0,0,23,23,3,280,5290,50044,2,0,123996225,365,39576341,4,13,128,0,13,10,10,8,22,157586,3875,0,0,13410,26951390,46,190340,188575
700108,700110,700107,0,0,0,0,0,0,23,23,3,288,5378,50038,2,0,125726750,344,40262066,5,7,69,0,9,8,8,12,23,206418,3876,0,0,13532,27200459,42,182074,180408
700198,700200,700197,0,0,0,0,0,0,23,23,3,289,5572,50169,2,0,124961600,382,40141457,6,10,83,0,9,9,9,5,20,157952,3877,0,0,13721,27463817,45,185417,183716
700301,700303,700300,0,0,0,0,0,0,23,23,1,419,5404,50315,3,0,123061671,334,39635823,7,7,57,0,9,10,10,6,21,103680,3878,0,0,13330,26721318,47,206072,204221
700437,700445,700436,0,0,0,0,0,0,23,23,0,269,5571,49831,2,0,114152004,299,36845890,8,9,85,0,8,8,8,7,15,134656,3879,0,0,14036,28221059,43,185297,183603
700591,700609,700590,0,0,0,0,0,0,23,23,1,268,5301,50045,2,0,123772125,299,40053363,9,31,171,0,8,7,7,9,18,155986,3880,0,0,13701,27542684,41,187060,185331
700698,700700,700697,0,0,0,0,0,0,23,23,1,268,5427,49589,2,0,118698725,299,38498759,10,10,91,0,12,10,10,31,21,162514,3881,0,0,14510,29180909,42,188829,187142
700813,700817,700809,0,0,0,0,0,0,23,23,1,268,5447,50157,2,0,119628107,299,38901318,11,7,71,0,187,8,7,10,20,157010,3882,0,0,14483,29122436,37,187301,185597
700949,700951,700948,0,0,0,0,0,0,23,23,3,270,5680,50752,2,0,149342268,302,48653363,12,5,46,0,6,5,5,7,16,120594,3883,0,0,15538,31258811,37,184692,182992
701040,701042,701039,0,0,0,0,0,0,23,23,2,285,5286,49820,3,0,114078725,336,37197659,13,8,82,0,11,8,8,5,17,106304,3884,0,0,13715,27567236,46,240841,238477
701130,701132,701129,0,0,0,0,0,0,23,23,5,268,5706,49565,2,0,115427700,299,37706299,14,5,41,0,5,6,6,8,15,100288,3885,0,0,15820,31829861,36,190862,189123
701319,701321,701318,0,0,0,0,0,0,23,23,3,268,5385,49630,2,0,118182975,299,38687122,15,7,73,0,6,5,5,5,13,99264,3886,0,0,14260,28670861,38,180778,179077
701409,701411,701408,0,0,0,0,0,0,23,23,3,269,5585,50160,2,0,123004532,299,40344337,16,8,64,0,7,5,5,6,15,105216,3887,0,0,15110,30392111,40,191555,189853
701499,701501,701498,0,0,0,0,0,0,23,23,1,270,5600,50046,2,0,152976493,312,50236647,17,5,44,0,234,11,10,9,21,104192,3888,0,0,15336,30848242,43,289070,286595
701589,701591,701588,0,0,0,0,0,0,23,23,1,307,5569,49889,2,0,124141350,312,40819490,18,10,132,0,10,9,9,5,18,149906,3889,0,0,13433,26993148,44,188668,186970
701763,701765,701762,0,0,0,0,0,0,23,23,1,269,6139,50317,2,0,121676520,300,40059334,19,7,62,0,5,5,5,8,15,116544,3890,0,0,13465,27057948,38,186306,184616
701854,701856,701853,0,0,0,0,0,0,23,23,0,226,3497,49782,2,0,107565637,272,35430179,20,4,26,0,3,4,4,6,12,92736,3891,0,0,10977,22019748,31,106788,105854
739735,739741,739734,0,8,1,8,4442,1,27,27,0,267,4587,50341,0,0,139889525,299,46524528,0,0,0,0,0,0,0,0,1,1280,4231,0,0,11818,23704545,39,36733,36733
739883,739885,739882,0,0,0,0,0,0,27,27,2,331,9227,82678,3,0,205255375,366,68241365,1,14,168,0,1710,40,2,13,54,176530,4232,0,0,25799,52016070,60,342643,339511
739973,739975,739972,0,0,0,0,0,0,27,27,4,281,5737,50031,2,0,127670325,368,40402934,2,8,79,0,232,11,8,8,22,157586,4233,0,0,13471,27041766,50,193491,191772
740063,740065,740062,0,0,0,0,0,0,27,27,3,290,5519,50103,2,0,123104608,356,39067089,3,9,96,0,15,9,8,8,23,206418,4234,0,0,13831,27783149,42,185869,184177
740224,740226,740223,0,0,0,0,0,0,27,27,4,269,5511,49664,2,0,123451517,303,39319572,4,10,77,0,8,7,7,6,13,99264,4235,0,0,13770,27539623,41,190563,188846
740327,740329,740326,0,0,0,0,0,0,27,27,2,437,5397,50940,3,0,128211558,401,41001612,5,7,59,0,8,8,8,8,22,159296,4236,0,0,13438,26887487,50,207165,205287
740445,740448,740433,0,0,0,0,0,0,27,27,2,269,5602,49583,2,0,115996242,299,37164177,6,5,42,0,9,9,9,5,18,101824,4237,0,0,13794,27703667,39,187286,185576
740572,740576,740571,0,0,0,0,0,0,27,27,1,268,5420,50016,2,0,119181220,299,38318016,7,6,54,0,174,5,4,5,13,99264,4238,0,0,14325,28778942,38,184241,182497
740723,740725,740722,0,0,0,0,0,0,27,27,1,268,5626,49456,2,0,114572155,299,36936560,8,7,62,0,5,5,5,6,13,99264,4239,0,0,15379,30913292,37,187074,185402
740813,740815,740812,0,0,0,0,0,0,27,27,1,268,5425,49992,2,0,118129650,299,38202188,9,38,229,0,8,6,6,7,16,105792,4240,0,0,14311,28750592,39,185787,184068
740904,740906,740903,0,0,0,0,0,0,27,27,2,287,5608,50254,3,0,142210225,339,46106539,10,12,77,0,6,7,7,38,15,100288,4241,0,0,15019,30184292,43,239322,236940
741078,741080,741077,0,0,0,0,0,0,27,27,1,311,7606,66477,2,0,177095650,326,57538628,11,8,81,0,201,6,5,12,16,111744,4242,0,0,20037,40341944,45,292954,290489
741170,741172,741169,0,0,0,0,0,0,27,27,4,281,5862,50068,2,0,127175550,365,40387022,12,5,43,0,6,5,5,7,16,105280,4243,0,0,13477,27045561,49,195172,193438
741260,741262,741259,0,0,0,0,0,0,27,27,2,232,3587,50124,2,0,124815125,227,39767055,13,9,102,0,13,13,13,5,20,137664,4244,0,0,13350,26813152,30,177623,175971
741352,741354,741351,0,0,0,0,0,0,27,27,0,249,4755,49850,2,0,104841283,278,33514934,14,4,26,0,3,4,4,8,13,108114,4245,0,0,11032,22106819,33,110147,109244
741498,741500,741497,0,0,0,0,0,0,27,27,2,268,5512,50203,2,0,118513442,299,37996909,15,8,66,0,6,5,5,6,13,99264,4246,0,0,14815,29767394,40,183869,182120
741588,741590,741587,0,0,0,0,0,0,27,27,1,308,5462,49550,2,0,150339400,323,48336344,16,6,60,0,9,6,6,8,18,117696,4247,0,0,14458,29044469,44,266872,264459
741678,741680,741677,0,0,0,0,0,0,27,27,0,269,5952,50204,2,0,120706058,301,38963394,17,6,58,0,8,7,7,5,16,100800,4248,0,0,13330,26760269,39,184728,183066
741768,741770,741767,0,0,0,0,0,0,27,27,1,266,4513,49778,2,0,127083138,294,41109555,18,7,66,0,6,6,6,5,14,99776,4249,0,0,13435,26972894,37,186806,185078
741931,741933,741930,0,0,0,0,0,0,27,27,0,229,4776,50594,2,0,98784799,278,32043024,19,4,28,0,3,4,4,6,10,86784,4250,0,0,11147,22342732,33,83358,82477
742021,742023,742020,0,0,0,0,0,0,27,27,0,268,5287,49759,2,0,128665230,299,41776806,20,5,44,0,6,5,5,7,15,105216,4251,0,0,13660,27431557,37,207651,205941
780070,780072,780067,0,8,1,8,4372,1,31,31,0,267,4442,50551,0,0,142859171,299,47593493,0,0,0,0,0,0,0,0,1,1280,4591,0,0,11508,23102618,38,36383,36383
780201,780203,780200,0,0,0,0,0,0,31,31,2,331,9251,82051,3,0,201289529,366,67003910,1,14,186,0,1083,39,2,13,52,170084,4592,0,0,25409,51253662,61,344756,341608
780390,780392,780389,0,0,0,0,0,0,31,31,4,281,5606,51301,2,0,132065800,368,41887982,2,10,96,0,205,8,6,10,19,156050,4593,0,0,13041,26199877,50,188900,187136
780480,780482,780479,0,0,0,0,0,0,31,31,2,291,5708,49869,2,0,120892633,360,38362672,3,10,93,0,10,10,10,8,24,211858,4594,0,0,13838,27707703,45,183346,181650
780582,780584,780581,0,0,0,0,0,0,31,31,2,437,5241,50022,3,0,127427892,401,40595979,4,8,64,0,34,14,12,5,27,156992,4595,0,0,12985,26024846,46,201904,200010
780699,780712,780693,0,0,0,0,0,0,31,31,0,269,5532,49145,2,0,116818157,299,37349692,5,10,115,0,8,8,8,6,15,134656,4596,0,0,13152,26432478,42,184794,183081
780916,780918,780915,0,0,0,0,0,0,31,31,2,268,5327,50360,2,0,116350268,299,37362192,6,6,53,0,5,5,5,10,16,120594,4597,0,0,13873,27892503,37,181965,180272
781006,781008,781005,0,0,0,0,0,0,31,31,2,268,5313,49481,2,0,121642275,299,39151912,7,6,58,0,9,6,6,6,15,100288,4598,0,0,13804,27752778,38,186079,184429
781129,781134,781128,0,0,0,0,0,0,31,31,2,270,5518,49860,2,0,141992450,302,45857511,8,10,88,0,202,9,6,6,17,101312,4599,0,0,14902,29976228,44,186156,184447
781245,781247,781244,0,0,0,0,0,0,31,31,1,285,5368,49980,3,0,120922933,336,39174702,9,45,307,0,9,8,8,10,17,140608,4600,0,0,13982,28113228,44,238243,235888
781335,781337,781334,0,0,0,0,0,0,31,31,1,268,5878,50029,2,0,109599438,299,35584553,10,5,34,0,8,7,7,39,19,122130,4601,0,0,16736,33693116,38,185231,183509
781425,781427,781424,0,0,0,0,0,0,31,31,3,269,5703,50026,2,0,113410929,299,36887147,11,5,42,0,7,6,6,11,14,99776,4602,0,0,15775,31743293,38,182513,180843
781585,781587,781584,0,0,0,0,0,0,31,31,9,308,5678,49491,2,0,150725600,323,49113872,12,11,140,0,180,6,5,5,16,111744,4603,0,0,14374,28906268,44,277833,275363
781675,781677,781674,0,0,0,0,0,0,31,31,2,270,6458,50203,2,0,121320950,302,39646032,13,6,49,0,6,6,6,6,15,105216,4604,0,0,13121,26368943,39,184388,182705
781765,781767,781764,0,0,0,0,0,0,31,31,0,227,3557,50275,2,0,132985650,282,43512330,14,4,29,0,8,8,8,10,15,89344,4605,0,0,12932,25984699,31,81897,80977
781855,781857,781854,0,0,0,0,0,0,31,31,0,267,4625,50102,2,0,104893075,289,34358387,15,5,40,0,4,5,5,5,13,99264,4606,0,0,10527,21114574,36,204354,202666
782001,782003,782000,0,0,0,0,0,0,31,31,0,268,5505,49756,2,0,115486100,299,37866545,16,7,68,0,6,5,5,5,13,99264,4607,0,0,14907,29984074,39,180477,178803
782091,782093,782090,0,0,0,0,0,0,31,31,0,309,5787,49983,2,0,151051450,325,49605795,17,9,77,0,8,6,6,5,18,117696,4608,0,0,13627,27392074,50,260226,257783
782181,782183,782180,0,0,0,0,0,0,31,31,1,269,6037,50174,2,0,121805046,300,40060313,18,9,93,0,12,11,11,10,20,140754,4609,0,0,12922,25964449,39,181035,179358
782271,782273,782270,0,0,0,0,0,0,31,31,0,226,3559,50123,2,0,106005137,272,34890792,19,4,26,0,3,4,4,8,12,104064,4610,0,0,12194,24490249,29,106299,105358
782445,782447,782444,0,0,0,0,0,0,31,31,1,267,4530,49725,2,0,126780192,299,41757569,20,7,71,0,7,5,5,6,13,99264,4611,0,0,10042,20132449,42,160064,158388
820002,820006,820001,0,7,1,7,3897,1,35,35,0,265,4278,49868,0,0,118690575,277,39823590,0,0,0,0,0,0,0,0,1,1280,4951,0,0,9349,18716972,38,26425,26425
820134,820136,820133,0,0,0,0,0,0,35,35,2,289,7011,66482,3,0,145272675,339,48727874,1,11,130,0,1368,39,0,10,48,154048,4952,0,0,22092,44521547,54,235251,232961
820224,820226,820223,0,0,0,0,0,0,35,35,2,268,5431,49864,2,0,116554808,299,38299104,2,8,74,0,216,11,7,9,21,157522,4953,0,0,14601,29357589,43,180075,178370
820314,820316,820313,0,0,0,0,0,0,35,35,2,309,5516,49987,2,0,158699217,325,51903797,3,12,120,0,18,10,9,11,23,173028,4954,0,0,13358,26840514,48,277035,274571
820474,820476,820473,0,0,0,0,0,0,35,35,0,269,5856,50276,2,0,122155975,300,40027551,4,8,78,0,7,7,7,7,18,155986,4955,0,0,12605,25315689,42,177064,175430
820564,820566,820563,0,0,0,0,0,0,35,35,1,281,5562,50855,2,0,130102725,365,42669949,5,11,93,0,7,7,7,8,21,162002,4956,0,0,12827,25752856,44,187552,185797
820655,820657,820654,0,0,0,0,0,0,35,35,2,290,5253,49298,2,0,123516275,359,40508257,6,6,48,0,9,9,9,9,22,151744,4957,0,0,12981,26077089,41,176348,174667
820844,820846,820843,0,0,0,0,0,0,35,35,0,269,5303,49603,2,0,122689975,303,40333686,7,8,66,0,8,7,7,6,13,99264,4958,0,0,12959,25988488,39,181615,179902
820946,820948,820945,0,0,0,0,0,0,35,35,0,437,5435,50188,3,0,122063150,401,40196439,8,14,118,0,10,9,9,6,24,194688,4959,0,0,12822,25602112,52,200156,198284
821089,821091,821088,0,0,0,0,0,0,35,35,0,269,5451,50348,2,0,113656471,299,37452665,9,39,270,0,12,13,13,12,25,159634,4960,0,0,14106,28353695,41,180644,178952
821229,821231,821228,0,0,0,0,0,0,35,35,4,268,5338,49320,2,0,115225504,299,37982341,10,15,112,0,180,7,6,39,18,155986,4961,0,0,14114,28371414,40,180176,178488
821372,821374,821370,0,0,0,0,0,0,35,35,1,287,5542,50495,3,0,147633950,339,48747702,11,7,63,0,6,5,5,15,18,126546,4962,0,0,15070,30303516,46,253872,251432
821462,821464,821461,0,0,0,0,0,0,35,35,4,268,5442,49301,2,0,115059671,299,38002069,12,5,61,0,10,10,10,7,19,102336,4963,0,0,14758,29671716,38,182958,181222
821608,821610,821607,0,0,0,0,0,0,35,35,1,269,5796,50540,2,0,104809811,299,34674056,13,5,47,0,6,5,5,5,13,99264,4964,0,0,16487,33172941,38,150511,148925
821698,821700,821697,0,0,0,0,0,0,35,35,2,309,5912,49840,2,0,150634850,325,49832483,14,10,95,0,8,6,6,5,18,117696,4965,0,0,13163,26441841,47,274414,271954
821788,821790,821787,0,0,0,0,0,0,35,35,1,276,5850,49939,2,0,129044518,334,42722859,15,7,70,0,232,9,8,6,19,140242,4966,0,0,12540,25167883,42,183431,181674
821878,821880,821877,0,0,0,0,0,0,35,35,1,261,4845,49750,2,0,118889370,265,39387095,16,6,60,0,7,6,6,10,16,117056,4967,0,0,12613,25345031,35,169382,167739
822000,822002,821999,0,0,0,0,0,0,35,35,0,208,1835,33484,1,0,89357980,235,29628116,17,4,24,0,4,4,4,5,10,86784,4968,0,0,4132,8158623,24,26593,26378
822129,822131,822128,0,0,0,0,0,0,35,35,1,285,5422,50464,3,0,124278175,336,42336385,18,10,103,0,6,5,5,6,13,99264,4969,0,0,14506,29165973,44,254128,251780
822219,822221,822218,0,0,0,0,0,0,35,35,1,268,5397,49660,2,0,106884100,299,36323843,19,6,56,0,8,6,6,10,19,107328,4970,0,0,14456,29064723,37,154731,153052
822408,822410,822407,0,0,0,0,0,0,35,35,5,269,5790,49767,2,0,111375071,299,37816702,20,5,34,0,5,5,5,5,13,99264,4971,0,0,16443,33083841,43,178272,176602
860502,860504,860501,0,8,1,8,4865,1,39,39,0,268,5038,55537,0,0,136871471,299,47239595,0,0,0,0,0,0,0,0,1,1280,5311,0,0,12092,24270028,39,34001,34001
860676,860678,860675,0,0,0,0,0,0,39,39,0,331,8932,77567,3,0,190422325,366,64969122,1,11,123,0,1200,49,2,10,61,174610,5312,0,0,23596,47565628,59,327709,324616
860766,860768,860765,0,0,0,0,0,0,39,39,2,282,5449,49859,2,0,130658229,385,42662985,2,10,107,0,232,13,6,8,27,177234,5313,0,0,12390,24864893,47,181645,179936
860940,860942,860939,0,0,0,0,0,0,39,39,1,289,5146,49927,2,0,122338621,339,39939291,3,10,116,0,14,8,7,8,21,189138,5314,0,0,12453,25004851,44,178555,176845
861042,861045,861041,0,0,0,0,0,0,39,39,2,438,5438,51231,3,0,128138975,405,41905489,4,9,72,0,11,9,9,9,22,159296,5315,0,0,12472,24843235,52,197076,195168
861215,861217,861214,0,0,0,0,0,0,39,39,0,269,5524,49507,2,0,108459904,299,35456114,5,5,46,0,10,10,10,5,19,102336,5316,0,0,13600,27327526,39,174976,173295
861362,861364,861361,0,0,0,0,0,0,39,39,1,287,5369,49638,3,0,140763900,339,46110145,6,8,78,0,7,5,5,5,13,99264,5317,0,0,13925,27985651,45,228166,225715
861382,861384,861381,0,0,0,0,0,0,39,39,1,243,3862,33268,1,0,82635800,252,27128865,7,6,52,0,5,5,5,6,13,103488,5318,0,0,8840,17764692,31,124938,123975
861530,861532,861529,0,0,0,0,0,0,39,39,3,274,5531,50414,2,0,113667975,306,38371557,8,6,53,0,197,9,7,8,19,103104,5319,0,0,12906,25848035,40,177133,175432
861703,861705,861702,0,0,0,0,0,0,39,39,3,270,5488,49429,2,0,134988075,302,45502299,9,41,238,0,5,5,5,6,15,105216,5320,0,0,14528,29204701,39,175152,173442
861794,861796,861793,0,0,0,0,0,0,39,39,3,285,5301,49916,3,0,121934125,336,41097072,10,10,82,0,9,8,8,41,17,101312,5321,0,0,13732,27594826,49,245467,243069
861983,861985,861982,0,0,0,0,0,0,39,39,1,268,5400,49937,2,0,116507771,299,39239286,11,11,112,0,9,9,9,9,16,135168,5322,0,0,14275,28690603,37,178514,176794
862074,862076,862073,0,0,0,0,0,0,39,39,2,269,5432,49838,2,0,105625529,299,35550339,12,5,45,0,191,7,6,12,20,123666,5323,0,0,14483,29111803,38,150726,149077
862164,862166,862163,0,0,0,0,0,0,39,39,4,308,5404,50006,2,0,153985450,323,51801445,13,12,121,0,13,13,13,5,23,115392,5324,0,0,13779,27687722,48,269678,267197
862256,862258,862255,0,0,0,0,0,0,39,39,2,270,6104,50578,2,0,121893650,302,40971406,14,8,78,0,234,8,7,6,16,138706,5325,0,0,12034,24154097,40,175144,173454
862417,862419,862416,0,0,0,0,0,0,39,39,0,226,3569,49389,2,0,97515400,272,32727536,15,4,33,0,4,4,4,13,12,104064,5326,0,0,11425,22916315,29,82987,82097
862507,862509,862506,0,0,0,0,0,0,39,39,0,268,4467,50176,2,0,131336682,299,44089397,16,6,58,0,6,5,5,5,15,105216,5327,0,0,9687,19396865,39,167361,165669
862599,862601,862598,0,0,0,0,0,0,39,39,0,268,5612,50061,2,0,149952568,300,50307743,17,9,73,0,9,8,8,6,17,101312,5328,0,0,15247,30655865,38,200757,199046
862690,862692,862689,0,0,0,0,0,0,39,39,1,309,5656,49920,2,0,120086150,324,40257853,18,7,70,0,9,7,7,9,17,112256,5329,0,0,12096,24272052,52,253953,251477
862864,862866,862863,0,0,0,0,0,0,39,39,3,269,5515,49707,2,0,123556500,300,41407920,19,11,116,0,8,8,8,5,16,138706,5330,0,0,12164,24409752,41,179522,177840
862956,862958,862955,0,0,0,0,0,0,39,39,1,262,3767,50157,2,0,129344100,293,43348688,20,5,42,0,7,6,6,9,17,122496,5331,0,0,12147,24375327,32,177498,175809
900807,900809,900806,0,8,1,8,4041,1,43,43,0,268,4509,49594,0,0,136345858,299,46025772,0,0,0,0,0,0,0,0,1,1280,5671,0,0,9876,19787185,38,33697,33697
900901,900903,900900,0,0,0,0,0,0,43,43,1,288,7072,66367,3,0,146748617,339,49510745,1,10,117,0,1274,41,1,10,47,152146,5672,0,0,22519,45390779,51,249276,246901
901048,901050,901047,0,0,0,0,0,0,43,43,2,309,5541,50110,2,0,151787400,325,50087242,2,12,109,0,213,9,7,11,22,172516,5673,0,0,13150,26422352,51,254080,251589
901138,901140,901137,0,0,0,0,0,0,43,43,0,269,6200,49832,2,0,125193525,301,41149737,3,8,78,0,8,8,8,8,20,161938,5674,0,0,12215,24528977,41,177662,175954
901229,901231,901228,0,0,0,0,0,0,43,43,2,303,5280,49851,2,0,124177650,424,40872552,4,8,71,0,34,11,9,7,27,208018,5675,0,0,12554,25203069,50,181292,179575
901390,901392,901389,0,0,0,0,0,0,43,43,0,287,5341,50465,2,0,124273625,377,40954680,5,12,108,0,10,9,9,6,19,152064,5676,0,0,12508,25004453,43,177809,176129
901493,901495,901492,0,0,0,0,0,0,43,43,2,419,5339,49814,3,0,121493800,327,40045330,6,5,42,0,5,5,5,8,15,106048,5677,0,0,12382,24790986,43,201931,200031
901636,901638,901635,0,0,0,0,0,0,43,43,2,269,5356,50314,2,0,113743575,299,37533614,7,5,43,0,9,9,9,5,18,101824,5678,0,0,13591,27315377,39,176503,174821
901784,901786,901783,0,0,0,0,0,0,43,43,2,270,5399,49597,2,0,137399807,302,45354017,8,6,72,0,170,5,4,5,13,99264,5679,0,0,14007,28157777,40,174950,173233
901934,901936,901933,0,0,0,0,0,0,43,43,3,285,5424,49768,3,0,118775343,336,39261905,9,38,217,0,7,7,7,11,17,140608,5680,0,0,14426,29006252,46,244023,241667
902024,902026,902023,0,0,0,0,0,0,43,43,1,269,5694,50098,2,0,106720545,299,35311874,10,5,36,0,10,11,11,30,23,124242,5681,0,0,15822,31833152,39,155446,153700
902115,902117,902114,0,0,0,0,0,0,43,43,2,308,5553,50061,2,0,148653530,323,49207744,11,7,67,0,6,6,6,8,16,111744,5682,0,0,14008,28156004,43,273655,271190
902290,902292,902289,0,0,0,0,0,0,43,43,1,271,6396,50310,2,0,128306350,314,42494308,12,7,64,0,176,5,4,6,13,99264,5683,0,0,12164,24409521,44,185132,183397
902381,902383,902380,0,0,0,0,0,0,43,43,2,267,4400,49822,2,0,121715775,287,40312532,13,5,37,0,5,5,5,5,15,105216,5684,0,0,12120,24345187,35,167986,166335
902473,902475,902472,0,0,0,0,0,0,43,43,2,266,4028,50261,2,0,126383675,296,41891273,14,6,73,0,11,10,10,7,19,102336,5685,0,0,12167,24427979,35,177637,175916
902621,902623,902620,0,0,0,0,0,0,43,43,0,269,5151,49539,2,0,124871425,301,41391831,15,8,75,0,6,5,5,5,13,99264,5686,0,0,12017,24124229,40,172906,171199
902711,902713,902710,0,0,0,0,0,0,43,43,3,269,5902,49957,2,0,120127675,300,39866335,16,5,40,0,6,5,5,7,15,105216,5687,0,0,12287,24670979,38,179584,177900
902802,902804,902801,0,0,0,0,0,0,43,43,3,268,5271,49996,2,0,122602996,299,40704188,17,5,41,0,7,7,7,7,16,100800,5688,0,0,12234,24563654,37,177909,176179
902892,902894,902891,0,0,0,0,0,0,43,43,5,268,4424,49993,2,0,130011174,299,43177850,18,6,63,0,7,6,6,5,14,99776,5689,0,0,12178,24450254,41,176385,174675
903053,903055,903052,0,0,0,0,0,0,43,43,0,267,4754,50131,2,0,122123437,298,40570904,19,9,69,0,6,5,5,5,13,99264,5690,0,0,12243,24581879,36,178414,176676
903146,903148,903145,0,0,0,0,0,0,43,43,2,268,4933,49905,2,0,125073718,299,41553566,20,6,66,0,7,5,5,6,15,105216,5691,0,0,12254,24605673,39,177927,176223
940956,940958,940955,0,8,1,8,3913,1,47,47,0,268,4379,50109,0,0,140141612,299,47512571,0,0,0,0,0,1,0,0,1,1280,6031,0,0,9205,18420815,39,33957,33957
941047,941049,941046,0,0,0,0,0,0,47,47,1,288,7144,66818,3,0,146540692,339,49603928,1,14,143,0,1675,45,5,14,53,156736,6032,0,0,22828,46007390,52,245605,243274
941137,941139,941136,0,0,0,0,0,0,47,47,3,309,5531,49567,2,0,150599108,325,49831453,2,9,99,0,199,9,7,8,22,172516,6033,0,0,12474,25044338,48,249144,246696
941313,941315,941312,0,0,0,0,0,0,47,47,1,269,5966,50278,2,0,121165517,300,39938779,3,9,91,0,7,7,7,8,18,155986,6034,0,0,12233,24556313,43,179121,177400
941403,941405,941402,0,0,0,0,0,0,47,47,1,282,5270,49989,2,0,130321283,383,42976243,4,11,105,0,7,8,8,12,23,179282,6035,0,0,12356,24793005,46,183249,181507
941494,941496,941493,0,0,0,0,0,0,47,47,3,290,5458,49790,2,0,125261867,353,41344412,5,7,66,0,12,12,12,5,21,134976,6036,0,0,12697,25359203,45,177165,175480
941652,941654,941651,0,0,0,0,0,0,47,47,5,437,5184,50411,3,0,123396175,393,40774315,6,8,66,0,8,7,7,5,20,153344,6037,0,0,12282,24589119,49,199506,197626
941794,941796,941793,0,0,0,0,0,0,47,47,4,269,5421,50315,2,0,114443475,299,37817571,7,7,66,0,18,9,8,6,18,141184,6038,0,0,13149,26411213,40,176400,174734
941927,941931,941926,0,0,0,0,0,0,47,47,1,268,5382,49593,2,0,113429958,299,37489121,8,5,42,0,15,6,5,7,18,121618,6039,0,0,14193,28525313,38,173193,171494
941980,941982,941979,0,0,0,0,0,0,47,47,1,98,3906,32841,1,0,103224217,197,34151495,9,31,177,0,5,3,3,5,6,45184,6040,0,0,8999,18110338,27,157657,156121
942083,942085,942082,0,0,0,0,0,0,47,47,1,437,5298,50137,3,0,123941925,401,42169359,10,15,121,0,193,7,6,33,22,159296,6041,0,0,12237,24461538,48,197925,196047
942243,942245,942242,0,0,0,0,0,0,47,47,0,269,5738,50377,2,0,106951125,299,36340826,11,5,40,0,7,9,9,13,18,101824,6042,0,0,15140,30439190,38,177154,175443
942383,942385,942382,0,0,0,0,0,0,47,47,2,287,5246,49461,3,0,140451657,339,47634355,12,5,44,0,6,5,5,5,13,99264,6043,0,0,13233,26577515,45,225821,223428
942522,942524,942521,0,0,0,0,0,0,47,47,2,268,5667,49994,2,0,109912401,299,37246624,13,7,74,0,6,5,5,5,15,105216,6044,0,0,15645,31461815,39,175800,174011
942612,942614,942611,0,0,0,0,0,0,47,47,2,269,5579,50011,2,0,111478192,299,37735554,14,8,63,0,13,11,11,6,20,102912,6045,0,0,15234,30629540,38,173016,171353
942702,942704,942701,0,0,0,0,0,0,47,47,1,309,5673,49791,2,0,153944521,325,52047505,15,7,74,0,179,6,5,9,16,111744,6046,0,0,12457,25007634,51,267249,264744
942850,942852,942849,0,0,0,0,0,0,47,47,5,276,5957,50212,2,0,128103654,334,43266428,16,10,94,0,8,8,8,5,16,138706,6047,0,0,12177,24428251,43,184098,182390
942941,942943,942940,0,0,0,0,0,0,47,47,1,260,3795,49740,2,0,123217758,264,41557507,17,5,40,0,5,5,5,9,17,122496,6048,0,0,12121,24339617,34,168691,167027
943031,943033,943030,0,0,0,0,0,0,47,47,2,227,4081,50494,2,0,107685467,273,36299750,18,5,45,0,6,7,7,7,14,88832,6049,0,0,9918,19866159,30,100852,99890
943121,943123,943120,0,0,0,0,0,0,47,47,1,308,5575,50144,2,0,143950957,323,48453081,19,9,74,0,7,6,6,5,16,111744,6050,0,0,14413,28967015,44,253268,250839
943295,943297,943294,0,0,0,0,0,0,47,47,1,270,6287,49486,2,0,118563393,302,39858916,20,5,38,0,5,5,5,6,13,99264,6051,0,0,12173,24431015,39,177062,175394
