event,report_line,video_frame,present,host_s,idx_line,trace_line,arm,block,diff_prev,diff_next,area
1,6,8879,8880,450.531,8880,1141522,1,78,4.281381172839506,4.281835776748972,14777
2,23,9599,9600,486.598,9600,1213776,1,86,4.071325874485597,4.0728774434156385,13726
3,40,10263,10264,520.198,10264,1280753,1,94,4.631905864197531,4.631999742798354,20485
4,57,10264,10265,520.248,10265,1280843,1,94,4.631999742798354,4.568798868312758,20485
5,74,10265,10266,520.298,10266,1280933,1,94,4.568798868312758,4.5688406635802465,19949
6,91,10266,10267,520.348,10267,1281023,1,94,4.5688406635802465,4.568132716049383,19949
7,108,10267,10268,520.398,10268,1281142,1,94,4.568132716049383,4.5680992798353905,19947
8,125,10319,10320,522.981,10320,1286257,1,94,5.185988940329219,5.186749614197531,22640
9,142,10323,10324,523.198,10324,1286745,1,94,4.631905864197531,4.631999742798354,20485
10,159,10324,10325,523.248,10325,1286765,1,94,4.631999742798354,4.568798868312758,20485
11,176,10325,10326,523.298,10326,1286926,1,94,4.568798868312758,4.5688406635802465,19949
12,193,10326,10327,523.331,10327,1286958,1,94,4.5688406635802465,4.568132716049383,19949
13,210,10327,10328,523.382,10328,1287079,1,94,4.568132716049383,4.5680992798353905,19947
14,227,11261,11262,571.148,11262,1380832,1,105,4.328399562757201,4.327592592592593,25667
15,244,11262,11263,571.165,11263,1380963,1,105,4.327592592592593,4.3329205246913585,25667
16,261,11263,11264,571.198,11264,1381083,1,105,4.3329205246913585,4.333155864197531,25558
17,278,11264,11265,571.231,11265,1381102,1,105,4.333155864197531,5.032219650205762,25558
18,295,11265,11266,571.281,11266,1381265,1,105,5.032219650205762,5.032080761316873,26960
19,312,11266,11267,571.331,11267,1381383,1,105,5.032080761316873,4.327478137860082,26960
20,329,11267,11268,571.381,11268,1381475,1,105,4.327478137860082,4.327524434156378,25548
21,346,11268,11269,571.431,11269,1381566,1,105,4.327524434156378,5.031880144032923,25548
22,363,11269,11270,571.481,11270,1381656,1,105,5.031880144032923,5.031880144032923,26960
23,380,11270,11271,571.531,11271,1381789,1,105,5.031880144032923,4.327434413580246,26960
24,397,11271,11272,571.581,11272,1381880,1,105,4.327434413580246,4.327434413580246,25548
25,414,11272,11273,571.631,11273,1381971,1,105,4.327434413580246,5.031880144032923,25548
26,431,11273,11274,571.698,11274,1382072,1,105,5.031880144032923,5.031880144032923,26960
27,448,11274,11275,571.733,11275,1382178,1,105,5.031880144032923,5.025023148148148,26960
28,465,11275,11276,571.798,11276,1382270,1,105,5.025023148148148,5.025023148148148,26855
29,482,11276,11277,571.848,11277,1382347,1,105,5.025023148148148,5.055021219135803,26855
30,499,11277,11278,571.898,11278,1382418,1,105,5.055021219135803,4.958899176954732,26893
31,516,11281,11282,572.098,11282,1382796,1,105,4.406516203703704,4.406004372427983,26126
32,533,11282,11283,572.148,11283,1382983,1,105,4.406004372427983,5.15953125,26126
33,550,11283,11284,572.198,11284,1383037,1,105,5.15953125,5.1594380144032925,27580
34,567,11284,11285,572.248,11285,1383128,1,105,5.1594380144032925,5.199014274691358,27580
35,584,11285,11286,572.298,11286,1383278,1,105,5.199014274691358,5.199088863168724,27667
36,601,11286,11287,572.348,11287,1383332,1,105,5.199088863168724,5.199865612139917,27669
37,618,11287,11288,572.398,11288,1383466,1,105,5.199865612139917,5.199836676954732,27693
38,635,11288,11289,572.448,11289,1383577,1,105,5.199836676954732,5.161381172839505,27693
39,652,11289,11290,572.515,11290,1383667,1,105,5.161381172839505,5.161381172839505,27678
40,669,11290,11291,572.565,11291,1383747,1,105,5.161381172839505,4.402071116255144,27678
41,686,11291,11292,572.598,11292,1383862,1,105,4.402071116255144,4.402071116255144,25945
42,703,11292,11293,572.664,11293,1383972,1,105,4.402071116255144,5.161381172839505,25945
43,720,11293,11294,572.698,11294,1384021,1,105,5.161381172839505,5.161381172839505,27678
44,737,11294,11295,572.748,11295,1384171,1,105,5.161381172839505,5.159048353909464,27678
45,754,11295,11296,572.798,11296,1384300,1,105,5.159048353909464,5.159048353909464,27571
46,771,11296,11297,572.848,11297,1384390,1,105,5.159048353909464,5.161381172839505,27571
47,788,11297,11298,572.898,11298,1384508,1,105,5.161381172839505,5.161381172839505,27678
48,805,11298,11299,572.948,11299,1384598,1,105,5.161381172839505,4.402071116255144,27678
49,822,11299,11300,572.998,11300,1384690,1,105,4.402071116255144,4.402071116255144,25945
50,839,11300,11301,573.048,11301,1384823,1,105,4.402071116255144,5.161381172839505,25945
51,856,11301,11302,573.098,11302,1384915,1,105,5.161381172839505,5.161381172839505,27678
52,873,11302,11303,573.148,11303,1385005,1,105,5.161381172839505,5.159048353909464,27678
53,890,11303,11304,573.198,11304,1385124,1,105,5.159048353909464,5.159048353909464,27571
54,907,11304,11305,573.248,11305,1385214,1,105,5.159048353909464,5.161381172839505,27571
55,924,11305,11306,573.314,11306,1385304,1,105,5.161381172839505,5.161381172839505,27678
56,941,11306,11307,573.365,11307,1385437,1,105,5.161381172839505,5.159048353909464,27678
57,958,11307,11308,573.415,11308,1385527,1,105,5.159048353909464,5.159048353909464,27571
58,975,11308,11309,573.465,11309,1385617,1,105,5.159048353909464,4.406057741769547,27571
59,992,11309,11310,573.515,11310,1385708,1,105,4.406057741769547,4.406057741769547,26126
60,1009,11310,11311,573.565,11311,1385828,1,105,4.406057741769547,4.400965149176954,26126
61,1026,11311,11312,573.615,11312,1385920,1,105,4.400965149176954,4.400965149176954,25896
62,1043,11312,11313,573.664,11313,1386011,1,105,4.400965149176954,5.161381172839505,25896
63,1060,11313,11314,573.715,11314,1386103,1,105,5.161381172839505,5.161381172839505,27678
64,1077,11314,11315,573.765,11315,1386222,1,105,5.161381172839505,5.198180298353909,27678
65,1094,11315,11316,573.814,11316,1386314,1,105,5.198180298353909,5.198180298353909,27679
66,1111,11316,11317,573.865,11317,1386404,1,105,5.198180298353909,5.161527777777777,27679
67,1128,11317,11318,573.915,11318,1386494,1,105,5.161527777777777,5.161381172839505,27678
68,1145,11318,11319,573.964,11319,1386625,1,105,5.161381172839505,5.159048353909464,27678
69,1162,11319,11320,574.015,11320,1386717,1,105,5.159048353909464,5.159048353909464,27571
70,1179,11320,11321,574.065,11321,1386808,1,105,5.159048353909464,5.161381172839505,27571
71,1196,11321,11322,574.115,11322,1386899,1,105,5.161381172839505,5.161381172839505,27678
72,1213,11322,11323,574.165,11323,1387017,1,105,5.161381172839505,4.402071116255144,27678
73,1230,11323,11324,574.215,11324,1387107,1,105,4.402071116255144,4.402071116255144,25945
74,1247,11324,11325,574.265,11325,1387197,1,105,4.402071116255144,5.161381172839505,25945
75,1264,11325,11326,574.315,11326,1387289,1,105,5.161381172839505,5.161381172839505,27678
76,1281,11326,11327,574.365,11327,1387422,1,105,5.161381172839505,5.159048353909464,27678
77,1298,11327,11328,574.415,11328,1387512,1,105,5.159048353909464,5.159048353909464,27571
78,1315,11328,11329,574.465,11329,1387602,1,105,5.159048353909464,5.161381172839505,27571
79,1332,11329,11330,574.515,11330,1387720,1,105,5.161381172839505,5.161381172839505,27678
80,1349,11330,11331,574.565,11331,1387810,1,105,5.161381172839505,5.159048353909464,27678
81,1366,11331,11332,574.614,11332,1387900,1,105,5.159048353909464,5.159048353909464,27571
82,1383,11332,11333,574.665,11333,1388034,1,105,5.159048353909464,4.406057741769547,27571
83,1400,11333,11334,574.715,11334,1388127,1,105,4.406057741769547,4.406057741769547,26126
84,1417,11334,11335,574.765,11335,1388147,1,105,4.406057741769547,4.400965149176954,26126
85,1434,11335,11336,574.815,11336,1388307,1,105,4.400965149176954,4.400965149176954,25896
86,1451,11336,11337,574.864,11337,1388429,1,105,4.400965149176954,5.167581661522633,25896
87,1468,11337,11338,574.915,11338,1388518,1,105,5.167581661522633,5.1606159979423865,27678
88,1485,11341,11342,575.115,11342,1388913,1,106,5.146390174897119,5.146390174897119,27843
89,1502,11342,11343,575.165,11343,1389003,1,106,5.146390174897119,5.389002057613168,27843
90,1519,11343,11344,575.215,11344,1389094,1,106,5.389002057613168,5.389002057613168,28281
91,1536,11344,11345,575.25,11345,1389214,1,106,5.389002057613168,5.146390174897119,28281
92,1553,11345,11346,575.315,11346,1389234,1,106,5.146390174897119,5.146390174897119,27843
93,1570,11346,11347,575.364,11347,1389337,1,106,5.146390174897119,5.148216306584361,27843
94,1587,11347,11348,575.415,11348,1389514,1,106,5.148216306584361,5.148216306584361,27858
95,1604,11348,11349,575.464,11349,1389604,1,106,5.148216306584361,5.096977237654321,27858
96,1621,11349,11350,575.515,11350,1389696,1,106,5.096977237654321,5.096977237654321,27531
97,1638,11350,11351,575.564,11351,1389735,1,106,5.096977237654321,5.097557870370371,27531
98,1655,11351,11352,575.615,11352,1389865,1,106,5.097557870370371,5.097557870370371,27487
99,1672,11352,11353,575.664,11353,1389968,1,106,5.097557870370371,5.096977237654321,27487
100,1689,11353,11354,575.715,11354,1390129,1,106,5.096977237654321,5.096977237654321,27531
101,1706,11354,11355,575.765,11355,1390149,1,106,5.096977237654321,4.392480709876543,27531
102,1723,11355,11356,575.798,11356,1390269,1,106,4.392480709876543,4.392480709876543,26127
103,1740,11356,11357,575.848,11357,1390405,1,106,4.392480709876543,5.096977237654321,26127
104,1757,11357,11358,575.915,11358,1390492,1,106,5.096977237654321,5.096977237654321,27531
105,1774,11358,11359,575.965,11359,1390587,1,106,5.096977237654321,5.148913966049382,27531
106,1791,11359,11360,576.015,11360,1390719,1,106,5.148913966049382,5.148913966049382,27864
107,1808,11360,11361,576.048,11361,1390787,1,106,5.148913966049382,5.146390174897119,27864
108,1825,11361,11362,576.098,11362,1390931,1,106,5.146390174897119,5.146390174897119,27843
109,1842,11362,11363,576.148,11363,1391021,1,106,5.146390174897119,5.096708461934156,27843
110,1859,11363,11364,576.214,11364,1391140,1,106,5.096708461934156,5.096708461934156,27486
111,1876,11364,11365,576.248,11365,1391231,1,106,5.096708461934156,5.096977237654321,27486
112,1893,11365,11366,576.298,11366,1391321,1,106,5.096977237654321,5.096977237654321,27531
113,1910,11366,11367,576.364,11367,1391412,1,106,5.096977237654321,5.097557870370371,27531
114,1927,11367,11368,576.398,11368,1391545,1,106,5.097557870370371,5.097557870370371,27487
115,1944,11368,11369,576.448,11369,1391635,1,106,5.097557870370371,4.3948784722222225,27487
116,1961,11369,11370,576.515,11370,1391726,1,106,4.3948784722222225,4.3948784722222225,26158
117,1978,11370,11371,576.548,11371,1391817,1,106,4.3948784722222225,4.393006044238683,26158
118,1995,11371,11372,576.615,11372,1391935,1,106,4.393006044238683,4.393006044238683,26157
119,2012,11372,11373,576.665,11373,1392027,1,106,4.393006044238683,5.096977237654321,26157
120,2029,11373,11374,576.715,11374,1392047,1,106,5.096977237654321,5.096977237654321,27531
121,2046,11374,11375,576.764,11375,1392252,1,106,5.096977237654321,5.148913966049382,27531
122,2063,11375,11376,576.815,11376,1392314,1,106,5.148913966049382,5.148913966049382,27864
123,2080,11376,11377,576.865,11377,1392414,1,106,5.148913966049382,5.146390174897119,27864
124,2097,11377,11378,576.914,11378,1392513,1,106,5.146390174897119,5.146390174897119,27843
125,2114,11378,11379,576.965,11379,1392624,1,106,5.146390174897119,5.148216306584361,27843
126,2131,11379,11380,577.015,11380,1392730,1,106,5.148216306584361,5.148216306584361,27858
127,2148,11380,11381,577.065,11381,1392839,1,106,5.148216306584361,5.096977237654321,27858
128,2165,11381,11382,577.114,11382,1392952,1,106,5.096977237654321,5.096977237654321,27531
129,2182,11382,11383,577.164,11383,1393045,1,106,5.096977237654321,5.097557870370371,27531
130,2199,11383,11384,577.198,11384,1393152,1,106,5.097557870370371,5.097557870370371,27487
131,2216,11384,11385,577.264,11385,1393256,1,106,5.097557870370371,4.3948784722222225,27487
132,2233,11385,11386,577.298,11386,1393346,1,106,4.3948784722222225,4.3948784722222225,26158
133,2250,11386,11387,577.348,11387,1393463,1,106,4.3948784722222225,4.393006044238683,26158
134,2267,11387,11388,577.398,11388,1393555,1,106,4.393006044238683,4.393006044238683,26157
135,2284,11388,11389,577.448,11389,1393646,1,106,4.393006044238683,5.096977237654321,26157
136,2301,11389,11390,577.498,11390,1393749,1,106,5.096977237654321,5.096977237654321,27531
137,2318,11390,11391,577.548,11391,1393857,1,106,5.096977237654321,5.148913966049382,27531
138,2335,11391,11392,577.598,11392,1393948,1,106,5.148913966049382,5.148913966049382,27864
139,2352,11392,11393,577.648,11393,1394040,1,106,5.148913966049382,5.146390174897119,27864
140,2369,11393,11394,577.698,11394,1394143,1,106,5.146390174897119,5.146390174897119,27843
141,2386,11394,11395,577.748,11395,1394250,1,106,5.146390174897119,5.148216306584361,27843
142,2403,11395,11396,577.798,11396,1394340,1,106,5.148216306584361,5.148216306584361,27858
143,2420,11396,11397,577.848,11397,1394434,1,106,5.148216306584361,5.100540766460906,27858
144,2437,11397,11398,577.898,11398,1394546,1,106,5.100540766460906,5.096379886831275,27532
145,2454,11399,11400,577.998,11400,1394749,1,106,5.841520704732511,6.116465406378601,29703
146,2471,11401,11402,578.098,11402,1394962,1,106,4.402593878600823,4.402593878600823,26200
147,2488,11402,11403,578.148,11403,1395053,1,106,4.402593878600823,5.146250643004115,26200
148,2505,11403,11404,578.198,11404,1395144,1,106,5.146250643004115,5.146250643004115,27706
149,2522,11404,11405,578.248,11405,1395254,1,106,5.146250643004115,5.149565329218107,27706
150,2539,11405,11406,578.298,11406,1395368,1,106,5.149565329218107,5.14930362654321,27732
151,2556,11406,11407,578.348,11407,1395459,1,106,5.14930362654321,5.389236111111111,27734
152,2573,11407,11408,578.398,11408,1395548,1,106,5.389236111111111,5.389904835390946,28181
153,2590,11408,11409,578.448,11409,1395666,1,106,5.389904835390946,5.148530092592591,28178
154,2607,11409,11410,578.498,11410,1395740,1,106,5.148530092592591,5.148530092592591,27738
155,2624,11410,11411,578.548,11411,1395830,1,106,5.148530092592591,5.149173096707818,27738
156,2641,11411,11412,578.598,11412,1395938,1,106,5.149173096707818,5.149173096707818,27751
157,2658,11412,11413,578.648,11413,1396035,1,106,5.149173096707818,5.1107195216049375,27751
158,2675,11413,11414,578.698,11414,1396131,1,106,5.1107195216049375,5.1107195216049375,27500
159,2692,11414,11415,578.748,11415,1396185,1,106,5.1107195216049375,5.109080504115226,27500
160,2709,11415,11416,578.798,11416,1396373,1,106,5.109080504115226,5.109080504115226,27504
161,2726,11416,11417,578.848,11417,1396463,1,106,5.109080504115226,4.403016332304526,27504
162,2743,11417,11418,578.898,11418,1396553,1,106,4.403016332304526,4.403016332304526,26200
163,2760,11418,11419,578.948,11419,1396671,1,106,4.403016332304526,4.400954218106995,26200
164,2777,11419,11420,578.998,11420,1396767,1,106,4.400954218106995,4.400954218106995,26170
165,2794,11420,11421,579.048,11421,1396859,1,106,4.400954218106995,5.1107195216049375,26170
166,2811,11421,11422,579.098,11422,1396952,1,106,5.1107195216049375,5.1107195216049375,27500
167,2828,11422,11423,579.148,11423,1397085,1,106,5.1107195216049375,5.146784336419752,27500
168,2845,11423,11424,579.198,11424,1397175,1,106,5.146784336419752,5.146784336419752,27708
169,2862,11424,11425,579.248,11425,1397268,1,106,5.146784336419752,5.148530092592591,27708
170,2879,11425,11426,579.315,11426,1397388,1,106,5.148530092592591,5.148530092592591,27738
171,2896,11426,11427,579.365,11427,1397479,1,106,5.148530092592591,5.149173096707818,27738
172,2913,11427,11428,579.415,11428,1397571,1,106,5.149173096707818,5.149173096707818,27751
173,2930,11428,11429,579.465,11429,1397661,1,106,5.149173096707818,5.1107195216049375,27751
174,2947,11429,11430,579.515,11430,1397690,1,106,5.1107195216049375,5.1107195216049375,27500
175,2964,11430,11431,579.564,11431,1397887,0,107,5.1107195216049375,5.109080504115226,27500
176,2981,11431,11432,579.615,11432,1397979,0,107,5.109080504115226,5.109080504115226,27504
177,2998,11432,11433,579.664,11433,1398097,0,107,5.109080504115226,4.403016332304526,27504
178,3015,11433,11434,579.715,11434,1398188,0,107,4.403016332304526,4.403016332304526,26200
179,3032,11434,11435,579.764,11435,1398279,0,107,4.403016332304526,4.400954218106995,26200
180,3049,11435,11436,579.815,11436,1398398,0,107,4.400954218106995,4.400954218106995,26170
181,3066,11436,11437,579.864,11437,1398500,0,107,4.400954218106995,5.1107195216049375,26170
182,3083,11437,11438,579.915,11438,1398654,0,107,5.1107195216049375,5.1107195216049375,27500
183,3100,11438,11439,579.965,11439,1398777,0,107,5.1107195216049375,5.146784336419752,27500
184,3117,11439,11440,579.998,11440,1398870,0,107,5.146784336419752,5.146784336419752,27708
185,3134,13966,13967,707.199,13967,1652726,0,135,9.273278677983539,9.480001929012346,61960
