t_s,pid,perf_all,perf_ccd0,perf_ccd1,perf_max,mhz_ccd0,mhz_ccd1,busy_all,busy_ccd0,busy_ccd1,c3_ccd0,c3_ccd1,sys_busy_ccd0,sys_busy_ccd1,dpc_ms_ccd0,dpc_ms_ccd1,irq_ms_ccd0,irq_ms_ccd1,intr_ccd0,intr_ccd1,proc_cpu_s,proc_user_s,proc_kernel_s,proc_cycles,q_len
0.000,49092,27.3,15.0,39.6,239.5,374,989,100.00,100.00,100.00,80.47,69.66,nan,nan,nan,nan,nan,nan,0,0,0.0000,0.0000,0.0000,,
2.000,49092,178.2,160.4,196.1,212.5,4010,4902,16.44,9.19,23.69,82.31,57.86,9.40,23.79,62.50,0.00,93.75,15.62,12613,20475,9.3594,2.2500,7.1094,23239388342,
4.001,49092,115.1,94.7,135.4,216.3,2368,3384,4.70,1.13,8.26,95.62,77.09,0.39,8.12,31.25,15.62,46.88,15.62,8614,20861,1.9844,0.0938,1.8906,4982817895,
6.001,49092,129.1,108.3,149.9,214.8,2707,3747,4.80,0.94,8.66,94.83,72.94,0.87,8.54,78.12,15.62,31.25,0.00,9086,24528,2.0156,0.0469,1.9688,4985400231,
8.001,49092,141.6,114.2,169.1,211.2,2856,4227,5.01,0.79,9.23,91.24,61.76,0.92,9.56,93.75,0.00,15.62,46.88,12585,38436,2.3750,1.3906,0.9844,5682160147,
10.001,49092,177.0,160.2,193.8,208.4,4006,4844,13.50,6.74,20.27,76.81,28.26,6.69,20.33,93.75,15.62,156.25,109.38,26163,46396,6.3906,3.7812,2.6094,15325919033,
12.002,49092,191.9,181.7,202.1,208.2,4542,5052,20.23,13.05,27.40,60.66,20.28,12.99,27.06,218.75,15.62,93.75,109.38,49559,75763,10.6406,6.3594,4.2812,26468850538,
14.002,49092,194.6,186.4,202.7,208.0,4661,5067,24.66,23.00,26.32,45.16,20.10,23.33,26.77,156.25,0.00,140.62,140.62,48025,70347,13.1250,7.9062,5.2188,31466727629,
16.002,49092,193.1,185.2,201.1,207.2,4630,5028,23.76,21.69,25.84,48.73,19.85,21.46,25.64,171.88,0.00,46.88,46.88,29184,46350,12.6875,7.7812,4.9062,35508035671,
18.002,49092,193.4,185.5,201.4,207.6,4637,5034,23.16,21.11,25.21,52.31,22.46,21.09,25.28,296.88,0.00,46.88,62.50,28655,44765,13.5312,8.7969,4.7344,31904757466,
20.002,49092,193.7,186.0,201.3,207.7,4650,5032,23.54,23.15,23.93,49.08,22.25,23.07,23.66,125.00,15.62,31.25,31.25,28055,45198,12.8750,8.6875,4.1875,32507446286,
22.003,49092,193.2,185.3,201.1,206.9,4634,5028,24.47,21.34,27.59,50.36,22.40,21.83,27.94,125.00,0.00,171.88,171.88,28969,44413,13.2344,8.8906,4.3438,33394311123,
24.003,49092,193.4,185.8,201.0,207.4,4646,5025,23.99,22.43,25.55,50.94,22.69,22.45,25.54,421.88,15.62,46.88,46.88,28836,44872,12.8438,8.9219,3.9219,33068250794,
26.003,49092,192.9,185.5,200.3,206.7,4638,5007,20.38,21.40,19.35,48.53,23.20,21.04,19.14,421.88,31.25,250.00,46.88,28083,45098,11.5312,7.7969,3.7344,31877391428,
28.004,49092,192.4,184.7,200.1,206.8,4617,5003,19.94,19.69,20.18,52.82,25.76,19.72,20.28,62.50,0.00,312.50,0.00,28152,43459,11.6094,8.3438,3.2656,31390692552,
30.004,49092,191.8,183.3,200.3,207.3,4582,5008,17.14,15.72,18.55,54.74,24.30,16.01,18.59,109.38,0.00,46.88,31.25,28325,45008,10.0312,5.9219,4.1094,28299281508,
32.004,49092,191.5,182.8,200.1,206.1,4571,5002,20.36,17.65,23.07,57.54,24.23,17.63,23.08,140.62,0.00,78.12,46.88,28475,46184,11.7344,8.3438,3.3906,28057170272,
34.005,49092,190.7,181.5,199.9,207.8,4537,4999,17.95,16.41,19.49,56.79,25.93,16.41,19.40,140.62,15.62,46.88,109.38,27850,43576,10.5625,7.4219,3.1406,27726211296,
36.005,49092,191.7,183.1,200.2,206.6,4577,5006,21.66,21.15,22.17,56.85,26.39,21.07,22.24,140.62,31.25,156.25,125.00,27466,44293,10.6250,7.1406,3.4844,26684749746,
38.005,49092,191.1,182.2,200.1,208.2,4554,5003,17.28,15.45,19.11,60.48,28.58,15.55,19.09,93.75,0.00,15.62,93.75,27369,44745,9.8125,6.0469,3.7656,24257358280,
40.006,49092,191.1,183.1,199.1,208.3,4576,4978,16.08,15.83,16.32,58.00,30.05,15.82,16.31,109.38,0.00,46.88,125.00,27939,45322,8.8281,5.2812,3.5469,22963863580,
42.006,49092,189.3,180.6,197.9,208.1,4516,4949,18.58,16.87,20.29,59.92,29.05,16.81,20.22,156.25,15.62,31.25,62.50,27521,45383,9.9688,5.5781,4.3906,22286963410,
44.006,49092,190.4,183.0,197.8,207.9,4576,4944,20.22,19.34,21.09,57.47,25.98,19.38,21.13,62.50,0.00,156.25,31.25,28714,49330,11.4844,6.4062,5.0781,22871326085,
46.006,49092,190.9,183.4,198.4,207.8,4584,4961,15.37,15.10,15.64,59.87,28.54,14.96,15.58,78.12,0.00,62.50,46.88,28444,45619,9.0625,5.2031,3.8594,23322455814,
48.007,49092,191.0,182.6,199.5,207.6,4566,4987,16.05,14.95,17.15,58.96,29.48,15.07,17.14,93.75,0.00,109.38,93.75,27905,45466,8.9062,5.1719,3.7344,23917299600,
50.007,49092,191.0,182.6,199.4,208.0,4566,4985,19.28,17.16,21.41,59.47,26.40,17.02,21.43,140.62,0.00,31.25,46.88,28430,46529,9.6406,6.1875,3.4531,24613233873,
52.008,49092,189.9,181.1,198.6,208.1,4528,4966,19.84,19.01,20.67,60.81,28.78,19.11,20.65,140.62,15.62,187.50,203.12,26961,44662,8.6406,5.2656,3.3750,22535690549,
54.008,49092,190.8,183.4,198.3,208.1,4585,4957,18.01,17.98,18.03,59.16,30.71,17.85,18.02,140.62,0.00,109.38,46.88,26486,43680,10.1719,6.3125,3.8594,23519642262,
56.008,49092,190.9,182.6,199.2,208.0,4564,4980,16.74,15.15,18.32,59.81,29.11,15.22,18.31,93.75,0.00,31.25,46.88,27153,45077,9.1875,5.7031,3.4844,23703882276,
58.009,49092,191.1,184.1,198.2,208.1,4602,4955,18.77,18.67,18.87,56.95,27.29,18.61,18.85,171.88,62.50,62.50,109.38,27557,45940,9.9844,5.8594,4.1250,24387637131,
60.009,49092,192.1,183.9,200.2,207.9,4597,5006,19.39,17.82,20.95,54.98,24.82,17.90,20.95,62.50,46.88,15.62,109.38,28763,46686,10.3906,6.6562,3.7344,26367305714,
62.009,49092,192.1,184.3,199.8,208.0,4607,4996,21.50,19.94,23.06,54.75,24.25,19.92,23.05,500.00,15.62,125.00,93.75,28184,46909,11.4531,7.3281,4.1250,27563445184,
64.009,49092,190.5,182.7,198.2,209.0,4567,4956,18.04,18.51,17.58,57.03,27.76,18.47,17.54,296.88,15.62,437.50,62.50,27046,45133,9.7500,6.1562,3.5938,24983864444,
66.009,49092,192.4,185.9,198.9,207.9,4649,4973,17.76,19.10,16.41,52.87,25.35,19.13,16.45,62.50,0.00,281.25,31.25,28443,47550,10.3281,6.8594,3.4688,26125898622,
68.010,49092,190.5,183.8,197.2,207.8,4594,4931,18.40,18.57,18.23,54.36,25.51,18.55,18.21,125.00,15.62,93.75,78.12,28408,47723,10.7656,7.1406,3.6250,25509180173,
70.010,49092,193.8,186.8,200.8,207.6,4669,5019,17.99,18.18,17.79,48.47,19.88,17.96,17.77,62.50,0.00,93.75,15.62,30427,49274,10.0312,6.2188,3.8125,28299094913,
72.011,49092,192.2,185.1,199.3,207.9,4628,4981,20.13,19.15,21.10,52.27,23.02,19.30,21.09,140.62,0.00,46.88,15.62,28867,47793,11.2500,7.4062,3.8438,28137085481,
74.011,49092,190.6,182.7,198.5,208.1,4568,4961,20.46,19.68,21.24,55.89,25.84,19.72,21.24,46.88,0.00,109.38,93.75,29058,47098,11.2031,6.5000,4.7031,25015649305,
76.011,49092,190.9,183.2,198.6,208.0,4580,4966,19.55,19.01,20.08,56.02,25.57,18.91,20.07,93.75,0.00,156.25,15.62,28534,46785,11.1719,6.8438,4.3281,26026894642,
78.012,49092,191.3,183.9,198.7,207.9,4598,4968,19.96,19.01,20.91,53.43,24.07,19.07,20.90,62.50,0.00,46.88,31.25,29019,46686,11.3125,6.9844,4.3281,27659205695,
80.012,49092,191.8,184.1,199.5,208.1,4604,4988,19.19,19.29,19.10,52.25,23.04,19.29,19.09,109.38,0.00,15.62,46.88,29201,49521,11.3281,7.4688,3.8594,27150805691,
82.012,49092,190.2,182.3,198.2,208.0,4557,4955,16.33,16.82,15.84,57.11,25.35,16.80,15.82,93.75,15.62,171.88,109.38,28263,46805,9.0938,5.4375,3.6562,24917745975,
84.013,49092,190.9,182.7,199.2,208.4,4567,4980,21.35,20.04,22.67,55.26,26.55,20.02,22.66,109.38,0.00,93.75,78.12,28872,46810,11.6875,7.7969,3.8906,26587424076,
86.013,49092,190.6,183.4,197.9,208.4,4584,4948,18.29,18.61,17.98,53.76,23.15,18.60,17.97,109.38,62.50,125.00,46.88,28987,47899,10.5938,6.5156,4.0781,27681371497,
88.013,49092,192.0,184.2,199.7,208.0,4606,4992,20.11,19.74,20.48,53.63,23.84,19.73,20.46,93.75,31.25,140.62,15.62,29099,47941,11.1250,6.8281,4.2969,26855184175,
90.014,49092,190.7,183.1,198.3,207.8,4578,4957,14.48,14.82,14.14,55.01,26.61,14.79,14.11,46.88,46.88,15.62,46.88,29761,48646,8.2031,4.9375,3.2656,24708734562,
92.014,49092,192.0,184.0,200.0,207.3,4599,5001,18.93,18.61,19.24,52.50,22.87,18.60,19.24,125.00,0.00,62.50,62.50,29375,47909,10.8906,7.1406,3.7500,28144037191,
94.014,49092,190.6,182.3,199.0,207.9,4557,4974,20.42,19.10,21.73,55.47,22.61,19.09,21.73,125.00,0.00,62.50,31.25,28520,47896,11.7656,7.6562,4.1094,27921709603,
96.015,49092,190.0,182.2,197.7,207.8,4556,4943,18.52,17.11,19.94,54.88,25.10,17.09,19.92,62.50,15.62,125.00,93.75,28526,47280,10.2812,6.5938,3.6875,25485807479,
98.015,49092,190.2,182.3,198.1,208.0,4557,4953,18.75,17.14,20.36,54.88,24.17,17.14,20.36,171.88,15.62,15.62,62.50,28050,47645,9.9219,6.2500,3.6719,25359389689,
100.015,49092,191.7,183.6,199.9,207.4,4590,4996,20.21,19.75,20.67,51.33,23.38,19.73,20.65,437.50,15.62,109.38,218.75,29715,47502,10.8594,6.7344,4.1250,27743240639,
102.016,49092,190.4,182.5,198.2,207.6,4562,4956,18.92,19.14,18.70,53.51,25.67,19.22,19.17,203.12,0.00,468.75,31.25,28691,46090,10.6562,7.1250,3.5312,26893630027,
104.016,49092,190.0,181.6,198.4,208.0,4541,4960,18.17,17.53,18.80,53.73,24.18,17.41,18.33,156.25,0.00,46.88,31.25,29083,48180,10.1875,5.6406,4.5469,24216825105,
106.016,49092,189.3,182.7,195.9,207.4,4569,4898,15.26,15.70,14.82,54.00,27.68,15.67,14.79,78.12,15.62,156.25,62.50,27982,45209,8.5000,5.2969,3.2031,23868695724,
108.017,49092,187.3,180.3,194.2,207.2,4508,4856,13.59,13.35,13.84,58.02,36.79,13.34,14.11,93.75,0.00,93.75,109.38,27052,40593,6.8906,3.4531,3.4375,16980036591,
110.017,49092,188.6,183.1,194.0,206.8,4578,4850,12.42,13.20,11.64,56.72,34.74,13.34,11.61,156.25,15.62,78.12,15.62,27410,42457,7.1250,4.0312,3.0938,17494418782,
112.018,49092,189.9,184.1,195.7,207.6,4603,4892,15.36,15.06,15.65,57.82,36.01,15.37,15.99,171.88,0.00,125.00,125.00,27107,40924,7.8750,4.6406,3.2344,17557771322,
114.018,49092,186.7,180.1,193.4,206.7,4503,4834,12.13,11.98,12.27,59.79,35.78,12.05,12.21,125.00,0.00,62.50,0.00,26613,40493,6.8438,4.0156,2.8281,16932508714,
116.019,49092,189.4,183.1,195.7,207.0,4577,4892,14.08,14.67,13.50,57.52,33.24,14.52,13.48,109.38,0.00,78.12,46.88,28087,43902,7.4688,4.7500,2.7188,19271220748,
118.019,49092,190.1,182.2,198.0,207.2,4555,4950,17.26,15.63,18.90,52.63,24.50,15.83,18.94,125.00,31.25,62.50,46.88,29832,48333,9.8281,6.0938,3.7344,26026872377,
120.019,49092,190.8,182.1,199.5,206.9,4553,4988,18.92,17.75,20.09,48.45,21.98,17.50,20.07,171.88,0.00,62.50,62.50,31417,48138,10.6719,7.1094,3.5625,31852808299,
122.020,49092,191.4,183.1,199.8,206.1,4576,4994,22.85,20.12,25.59,48.76,18.33,20.38,25.59,78.12,0.00,31.25,46.88,30846,50155,12.9375,8.1719,4.7656,32313674835,
124.020,49092,191.4,183.3,199.5,207.8,4583,4988,18.01,16.82,19.21,51.73,25.43,16.80,19.15,78.12,0.00,15.62,15.62,29953,47827,10.9844,6.8281,4.1562,27392948976,
126.020,49092,188.0,182.4,193.5,206.5,4561,4838,11.58,12.16,10.99,57.57,34.95,11.90,10.99,62.50,0.00,31.25,78.12,27792,43263,6.2656,3.8281,2.4375,18116844153,
128.021,49092,189.2,183.2,195.1,207.4,4581,4877,11.71,11.45,11.98,57.34,35.56,11.51,11.96,78.12,0.00,125.00,31.25,26960,41617,6.2188,3.5000,2.7188,17434536013,
130.021,49092,190.7,185.9,195.5,206.2,4646,4888,12.28,12.75,11.82,55.03,35.29,12.91,11.86,125.00,0.00,78.12,109.38,28488,41960,6.6719,4.1094,2.5625,17776772966,
132.021,49092,190.1,184.1,196.1,207.5,4603,4904,12.49,12.57,12.42,58.17,36.75,12.42,12.36,46.88,46.88,171.88,78.12,27163,40927,6.5625,4.0938,2.4688,17589282592,
134.022,49092,189.6,183.9,195.2,207.7,4598,4880,14.44,13.83,15.06,57.67,35.97,13.94,15.08,109.38,15.62,62.50,93.75,27336,41451,7.9062,4.2344,3.6719,17910712553,
136.022,49092,190.6,183.5,197.6,207.7,4588,4941,18.72,16.96,20.47,54.04,26.78,16.82,20.46,250.00,0.00,78.12,62.50,29445,47299,8.9688,5.4219,3.5469,23425178791,
138.022,49092,191.3,184.4,198.1,207.9,4610,4952,19.61,20.12,19.10,52.93,26.19,20.20,19.09,406.25,0.00,187.50,0.00,29517,46950,10.4688,6.5469,3.9219,25944844085,
140.023,49092,192.9,185.5,200.3,208.1,4638,5007,22.65,23.02,22.28,52.26,24.35,23.00,22.27,109.38,0.00,484.38,218.75,30064,48048,12.1094,8.0938,4.0156,28574094291,
142.023,49092,191.8,184.1,199.6,208.0,4602,4989,19.11,19.59,18.62,52.71,23.93,19.58,18.60,125.00,0.00,46.88,62.50,29228,47620,10.7656,7.7031,3.0625,28852273761,
144.023,49092,190.6,183.3,197.9,207.6,4582,4948,20.52,18.62,22.42,55.52,26.80,18.60,22.41,156.25,0.00,62.50,62.50,28879,45183,11.8281,7.7656,4.0625,24164277458,
146.024,49092,190.1,183.8,196.5,207.5,4595,4912,13.62,13.59,13.64,56.68,35.56,13.62,13.62,93.75,0.00,78.12,31.25,28406,42132,7.5312,4.3281,3.2031,18187315348,
148.024,49092,189.4,183.8,195.1,206.7,4594,4878,15.26,14.28,16.23,57.74,33.56,14.26,16.21,140.62,0.00,203.12,140.62,27571,42005,6.6250,4.0156,2.6094,17516329434,
150.025,49092,189.2,182.3,196.1,207.3,4557,4903,13.31,13.29,13.33,57.67,35.33,13.28,13.33,109.38,0.00,140.62,62.50,27645,40407,7.1719,3.8594,3.3125,17519084621,
152.025,49092,190.3,184.1,196.5,207.5,4604,4912,13.42,14.07,12.76,55.55,34.50,14.02,12.70,156.25,0.00,15.62,46.88,27492,41832,7.5625,4.8438,2.7188,17863054234,
154.025,49092,189.7,182.7,196.7,206.7,4566,4918,14.47,13.93,15.01,56.92,32.89,13.96,14.99,125.00,0.00,125.00,0.00,28068,41691,7.7969,4.4375,3.3594,19273071494,
156.026,49092,191.3,183.8,198.7,208.2,4595,4968,18.77,18.53,19.02,54.70,25.18,18.51,19.03,171.88,0.00,62.50,296.88,29201,47964,9.8906,5.5312,4.3594,24645177486,
158.026,49092,191.8,183.5,200.1,207.9,4587,5002,18.47,17.40,19.55,51.29,21.74,17.34,19.53,78.12,0.00,62.50,31.25,30303,48579,10.7188,6.8906,3.8281,28651869933,
160.027,49092,191.9,184.4,199.5,208.0,4609,4988,20.02,18.70,21.34,50.80,22.60,18.74,21.34,78.12,15.62,46.88,15.62,30012,47667,11.5000,7.9375,3.5625,29216750118,
162.027,49092,192.3,184.4,200.1,207.4,4610,5003,19.43,20.31,18.56,50.81,22.46,20.31,18.55,78.12,0.00,93.75,31.25,30274,50236,11.1719,6.9531,4.2188,27967678512,
164.027,49092,190.8,184.0,197.6,206.1,4601,4940,17.14,16.21,18.07,56.47,31.69,16.21,18.07,93.75,0.00,109.38,62.50,27785,43817,8.8906,5.7031,3.1875,20203803261,
166.027,49092,190.3,184.9,195.7,206.1,4623,4893,12.31,12.65,11.97,57.31,37.92,12.65,11.96,125.00,0.00,78.12,15.62,27450,40365,6.9219,4.3281,2.5938,18161019971,
168.027,49092,189.5,183.6,195.4,206.7,4589,4884,13.42,13.01,13.84,58.11,36.36,12.99,13.82,46.88,0.00,109.38,93.75,28071,40570,7.3438,4.5781,2.7656,17746522921,
170.028,49092,190.5,185.4,195.7,207.5,4635,4892,13.13,12.72,13.55,58.77,35.08,12.70,13.53,62.50,0.00,93.75,0.00,27504,42568,7.0000,4.3750,2.6250,17423991908,
172.028,49092,191.5,186.0,197.0,207.9,4651,4925,12.81,12.42,13.20,56.72,35.78,12.40,13.18,78.12,0.00,46.88,15.62,28186,42115,6.6094,4.2969,2.3125,17548632699,
174.029,49092,192.3,185.2,199.4,207.7,4630,4984,16.08,16.76,15.40,54.36,29.37,16.75,15.38,375.00,0.00,62.50,46.88,29166,45801,8.2656,4.9531,3.3125,22149059046,
176.029,49092,190.1,182.3,197.9,207.9,4559,4946,17.98,17.68,18.27,53.24,26.32,17.68,18.26,328.12,0.00,421.88,203.12,29973,48926,8.8750,5.5156,3.3594,25093696235,
178.029,49092,192.5,185.6,199.5,208.1,4639,4988,24.52,22.08,26.96,48.39,20.44,22.03,26.95,156.25,46.88,328.12,171.88,32829,50954,12.8438,8.4219,4.4219,29028087401,
180.030,49092,193.1,186.1,200.1,208.5,4653,5003,23.12,21.21,25.02,47.89,18.69,21.23,25.00,187.50,78.12,109.38,62.50,35018,53068,13.1719,7.9375,5.2344,28531244773,
182.030,49092,191.5,183.6,199.4,207.9,4590,4986,18.66,18.51,18.81,53.20,24.73,18.51,18.80,109.38,0.00,109.38,156.25,29835,47680,10.6250,6.8281,3.7969,25229621537,
184.030,49092,187.0,180.1,193.8,207.0,4503,4845,12.97,12.75,13.19,60.21,36.95,12.70,13.18,109.38,15.62,140.62,15.62,26754,40562,7.0781,4.3594,2.7188,16678437862,
186.031,49092,188.1,181.4,194.8,207.0,4534,4870,13.77,13.50,14.03,57.38,34.13,13.52,14.01,109.38,0.00,93.75,15.62,27371,41802,7.5312,4.8125,2.7188,17071776041,
188.031,49092,188.0,180.8,195.2,207.0,4519,4880,15.68,15.39,15.98,58.08,37.44,15.38,15.97,140.62,0.00,93.75,140.62,27473,40870,7.7656,4.1406,3.6250,17328272308,
190.031,49092,187.8,181.7,194.0,206.8,4543,4849,12.92,13.34,12.50,58.92,34.38,13.16,12.50,125.00,31.25,93.75,140.62,27010,40895,6.8594,3.9531,2.9062,16600353823,
192.031,49092,189.6,182.7,196.5,208.5,4567,4913,15.00,15.00,15.00,57.67,34.06,15.16,14.99,140.62,0.00,93.75,78.12,28329,42279,8.3906,5.1094,3.2812,17899368820,
194.031,49092,189.3,181.9,196.8,207.6,4547,4919,19.15,17.88,20.42,56.27,24.78,18.08,20.83,156.25,0.00,62.50,62.50,29045,48883,10.4688,6.2031,4.2656,24775613004,
196.032,49092,190.6,182.2,199.1,207.9,4554,4977,21.76,19.39,24.13,56.01,23.50,19.18,23.72,156.25,0.00,125.00,234.38,29292,47538,12.3438,8.2344,4.1094,26866337651,
198.032,49092,192.4,185.2,199.6,208.2,4631,4990,20.50,19.99,21.01,51.12,21.68,19.97,21.00,109.38,0.00,93.75,46.88,29665,47268,11.5000,7.9531,3.5469,28032595218,
200.032,49092,192.2,185.3,199.1,207.6,4633,4976,17.44,17.83,17.05,54.39,24.71,18.02,17.25,62.50,0.00,46.88,31.25,28763,48500,10.5000,7.5469,2.9531,27047889866,
202.032,49092,190.3,183.7,196.8,207.6,4592,4921,16.38,17.29,15.48,55.95,31.76,17.16,15.47,109.38,0.00,93.75,46.88,28907,44372,8.8906,5.9219,2.9688,20114355101,
204.033,49092,189.0,183.2,194.7,207.4,4581,4867,11.55,11.92,11.18,58.81,36.90,11.92,11.27,109.38,0.00,78.12,31.25,26655,40095,6.5312,3.8906,2.6406,16527335716,
206.033,49092,189.6,183.5,195.8,207.0,4588,4894,12.77,12.18,13.35,57.71,37.14,12.20,13.34,250.00,15.62,109.38,31.25,27369,41688,5.6875,3.2031,2.4844,17334326865,
208.034,49092,190.2,184.7,195.7,207.3,4617,4892,16.69,15.64,17.74,55.98,36.47,15.62,17.68,125.00,0.00,31.25,31.25,27660,41504,8.4062,5.3125,3.0938,16976147142,
210.034,49092,189.4,183.7,195.0,207.0,4593,4875,14.06,12.65,15.48,60.30,38.44,13.20,15.85,171.88,15.62,62.50,62.50,27427,39756,6.8906,4.0312,2.8594,17514089958,
212.034,49092,190.5,183.9,197.1,208.7,4598,4927,14.64,14.23,15.06,57.49,33.28,14.21,15.04,531.25,0.00,109.38,187.50,28389,44773,7.1719,4.1719,3.0000,19444801344,
214.035,49092,190.0,182.9,197.2,207.5,4572,4929,20.31,20.38,20.23,57.42,29.51,20.32,20.21,125.00,0.00,515.62,31.25,28504,46503,11.2656,6.9531,4.3125,22861585572,
216.035,49092,190.8,183.2,198.5,208.4,4579,4963,18.05,17.44,18.66,54.47,24.73,16.99,18.53,62.50,0.00,62.50,15.62,29148,47614,10.0156,6.2812,3.7344,25031791364,
218.035,49092,189.8,182.7,196.9,208.3,4568,4922,16.77,17.60,15.94,56.48,27.04,18.06,16.04,171.88,0.00,109.38,46.88,28600,48214,10.0469,6.1562,3.8906,23261554237,
220.036,49092,191.1,183.5,198.8,208.6,4588,4969,17.65,17.55,17.75,55.98,26.86,17.49,17.72,62.50,0.00,46.88,93.75,28885,47257,10.0938,6.7500,3.3438,23954914129,
222.036,49092,189.5,183.9,195.2,208.3,4597,4879,12.12,12.70,11.53,57.94,35.90,12.70,11.44,93.75,0.00,109.38,15.62,28148,42901,6.7812,3.8438,2.9375,18441706044,
224.036,49092,189.3,182.7,196.0,207.6,4568,4899,9.68,10.51,8.85,59.02,35.05,10.45,8.84,62.50,15.62,46.88,78.12,26882,41457,5.1406,2.8906,2.2500,16932104912,
226.037,49092,188.0,180.7,195.4,208.4,4518,4884,15.14,14.60,15.68,58.11,37.66,14.56,15.76,125.00,0.00,62.50,78.12,26950,40049,7.5000,4.6094,2.8906,17153768432,
228.037,49092,187.6,180.9,194.4,207.7,4522,4859,12.51,12.70,12.31,57.55,35.34,12.61,12.18,62.50,15.62,46.88,15.62,27097,42214,6.8125,3.8906,2.9219,16821348261,
230.037,49092,188.3,181.0,195.6,208.1,4525,4889,13.60,13.19,14.02,58.23,35.26,13.40,14.14,78.12,62.50,140.62,140.62,27286,41770,6.7344,4.3906,2.3438,17457224850,
232.037,49092,190.8,184.2,197.5,207.6,4605,4937,18.33,16.82,19.84,53.80,28.32,16.80,19.82,156.25,15.62,62.50,140.62,28933,45937,9.2188,5.6250,3.5938,20455495569,
234.037,49092,189.6,182.3,196.8,208.4,4557,4921,17.92,18.12,17.73,57.06,27.29,18.08,17.64,78.12,15.62,31.25,78.12,28509,46775,10.6719,6.3906,4.2812,22837468565,
236.038,49092,189.9,183.0,196.8,207.9,4574,4921,14.75,14.61,14.90,54.87,25.32,14.47,14.98,109.38,0.00,109.38,15.62,28870,47979,8.0781,4.9062,3.1719,24100256195,
238.038,49092,191.0,183.6,198.4,207.8,4590,4959,16.88,17.06,16.71,51.78,23.16,17.20,16.70,109.38,0.00,46.88,78.12,29530,48999,8.4219,4.6406,3.7812,23704246287,
240.038,49092,189.5,181.8,197.2,208.1,4544,4930,19.98,19.40,20.57,54.76,25.42,19.31,20.56,140.62,0.00,140.62,203.12,28788,47657,10.9688,6.4531,4.5156,23360994709,
242.039,49092,188.0,181.6,194.3,206.5,4541,4858,13.12,12.51,13.73,58.23,33.59,12.59,13.68,109.38,0.00,93.75,125.00,27293,43342,5.8125,3.5156,2.2969,16375268197,
244.039,49092,187.8,180.9,194.6,207.3,4523,4865,15.03,14.27,15.78,59.55,37.32,14.05,15.65,109.38,0.00,234.38,109.38,26860,39957,7.0469,4.1875,2.8594,17150086618,
246.039,49092,188.6,180.8,196.5,207.1,4520,4912,12.88,11.83,13.93,56.56,35.73,12.03,14.08,46.88,0.00,15.62,15.62,27345,40103,6.9375,4.1250,2.8125,17451194270,
248.039,49092,189.5,183.9,195.1,208.1,4596,4878,13.31,13.09,13.53,55.80,35.31,13.04,13.53,218.75,0.00,109.38,15.62,27842,42399,6.4844,3.9062,2.5781,16785505044,
250.040,49092,189.6,184.6,194.6,206.6,4614,4865,12.91,13.49,12.32,58.32,38.18,13.52,12.30,406.25,0.00,218.75,93.75,27140,40663,6.1250,3.7500,2.3750,17127302141,
252.040,49092,190.0,182.9,197.2,207.7,4572,4929,13.86,15.01,12.71,55.19,29.51,14.99,12.70,78.12,0.00,406.25,62.50,29011,47235,7.3281,3.8594,3.4688,21253897218,
254.041,49092,190.3,183.0,197.6,208.8,4575,4941,16.76,16.18,17.35,56.93,27.24,16.16,17.33,78.12,0.00,93.75,62.50,28620,48354,9.4844,5.3906,4.0938,22935105374,
256.041,49092,190.4,183.6,197.1,208.6,4591,4927,15.92,17.09,14.75,56.84,25.92,17.05,14.75,109.38,15.62,46.88,46.88,28356,47497,8.8594,4.6562,4.2031,23813478044,
258.041,49092,189.7,182.8,196.5,207.5,4571,4912,16.18,16.43,15.94,55.46,26.93,16.45,15.92,31.25,0.00,78.12,78.12,28491,47274,9.2812,5.6250,3.6562,23315764551,
260.042,49092,190.0,181.9,198.0,207.2,4549,4949,16.62,16.91,16.33,57.08,29.28,16.89,16.31,156.25,0.00,125.00,93.75,28441,46444,8.5469,5.3906,3.1562,22596771168,
262.042,49092,189.3,185.2,193.4,206.1,4630,4835,11.02,11.93,10.12,58.86,36.40,11.87,10.11,109.38,31.25,15.62,46.88,27059,41368,5.9375,3.6719,2.2656,16223776802,
264.042,49092,189.2,184.0,194.4,206.2,4601,4859,12.75,12.46,13.05,57.22,38.33,12.49,13.04,93.75,0.00,109.38,46.88,27445,40213,6.5625,4.0000,2.5625,17322778110,
266.043,49092,189.6,184.3,195.0,207.2,4607,4874,13.40,12.91,13.89,58.59,36.24,12.85,13.87,187.50,15.62,156.25,156.25,26795,41367,6.5156,3.8438,2.6719,17158903771,
268.043,49092,191.0,185.8,196.2,206.8,4645,4905,14.38,14.38,14.38,57.85,37.03,14.40,14.36,140.62,31.25,93.75,46.88,27545,40838,7.2500,4.4844,2.7656,17305570367,
270.043,49092,189.9,184.6,195.3,206.8,4614,4882,13.46,13.43,13.48,58.77,36.57,13.43,13.48,62.50,0.00,31.25,93.75,27323,40710,7.9219,4.5000,3.4219,17600802040,
272.044,49092,191.3,184.4,198.1,208.8,4610,4952,14.81,15.59,14.03,54.61,25.91,15.58,14.01,125.00,0.00,46.88,93.75,29541,50187,8.0312,5.2031,2.8281,23533508746,
274.044,49092,189.2,181.9,196.5,208.0,4547,4913,16.97,17.31,16.62,56.54,26.48,17.29,16.60,125.00,15.62,125.00,93.75,28111,47181,8.7500,5.7344,3.0156,22983521903,
276.045,49092,190.7,184.1,197.3,206.9,4601,4933,20.62,21.50,19.74,54.03,24.89,21.45,19.73,93.75,0.00,46.88,31.25,29197,47440,11.7656,7.6094,4.1562,24242634823,
278.045,49092,189.3,181.3,197.3,208.6,4534,4932,18.20,16.76,19.64,54.87,25.02,16.75,19.63,78.12,0.00,46.88,31.25,29172,48314,10.3594,6.1875,4.1719,24145999912,
280.046,49092,188.7,181.3,196.1,207.8,4532,4903,17.40,15.55,19.26,56.87,29.93,15.57,19.24,109.38,62.50,78.12,125.00,28142,43875,9.0000,5.2344,3.7656,20424439076,
282.046,49092,190.0,183.4,196.6,207.2,4584,4916,14.08,13.54,14.61,54.79,34.35,13.53,14.60,125.00,0.00,140.62,78.12,28212,41894,7.3438,4.6875,2.6562,17446885667,
284.047,49092,189.3,181.5,197.1,207.6,4538,4927,14.45,14.08,14.81,55.92,35.10,13.94,14.79,234.38,0.00,109.38,125.00,27095,40823,7.2500,4.2812,2.9688,17563642694,
286.047,49092,189.7,183.3,196.1,207.8,4583,4903,13.99,14.33,13.64,57.09,35.22,14.80,14.06,406.25,31.25,31.25,78.12,27261,41354,7.6562,4.5000,3.1562,18374067954,
288.047,49092,187.8,179.1,196.5,208.1,4478,4913,14.00,14.36,13.63,57.61,34.49,13.98,13.18,281.25,0.00,375.00,31.25,27909,42676,6.8281,4.1719,2.6562,17068890452,
290.047,49092,190.3,182.4,198.2,208.5,4559,4955,13.58,14.27,12.90,55.90,31.46,14.26,12.89,46.88,15.62,218.75,78.12,28711,46058,7.8125,4.8906,2.9219,20343751609,
292.048,49092,191.6,184.2,199.0,208.7,4604,4974,17.07,16.37,17.78,52.13,23.51,16.43,17.85,93.75,0.00,109.38,78.12,30594,49833,9.4531,5.0938,4.3594,24131849596,
294.048,49092,192.1,184.1,200.1,208.3,4601,5001,16.03,15.54,16.52,53.48,24.90,15.87,17.07,125.00,0.00,46.88,46.88,30086,49273,9.7188,6.3750,3.3438,24676334916,
296.048,49092,190.9,183.1,198.6,208.4,4578,4965,15.31,15.04,15.58,52.03,24.74,15.08,15.45,93.75,0.00,46.88,109.38,29641,48266,8.7656,5.1406,3.6250,24634465524,
298.049,49092,190.5,182.5,198.6,208.5,4563,4964,20.13,19.45,20.82,53.79,25.65,19.51,20.88,46.88,0.00,93.75,46.88,29495,47747,12.0938,7.6875,4.4062,24668202131,
300.049,49092,189.8,183.6,196.1,206.8,4590,4902,14.68,14.61,14.76,57.92,36.40,14.47,14.66,93.75,31.25,78.12,93.75,27166,41132,8.0781,4.6875,3.3906,17760791155,
302.049,49092,190.8,185.9,195.8,206.8,4647,4895,12.98,13.15,12.81,54.93,34.12,13.39,12.92,78.12,46.88,156.25,46.88,28548,42705,7.0938,4.8125,2.2812,17629152770,
304.050,49092,190.9,185.1,196.7,206.4,4628,4919,10.63,11.34,9.93,56.19,35.56,10.89,9.78,78.12,0.00,62.50,15.62,27649,40584,5.7969,3.6094,2.1875,17826895140,
306.050,49092,191.9,186.2,197.5,207.3,4655,4937,13.02,12.85,13.19,55.29,35.47,12.93,12.93,109.38,0.00,109.38,62.50,27566,41218,7.2031,4.2500,2.9531,17884432700,
308.050,49092,190.1,183.6,196.7,208.2,4590,4916,12.39,11.92,12.85,58.01,35.56,12.26,13.22,78.12,0.00,109.38,31.25,27686,41514,6.5000,3.6094,2.8906,17695404087,
310.051,49092,191.4,183.6,199.2,207.5,4589,4980,17.16,16.96,17.35,53.73,25.86,16.82,17.33,31.25,0.00,62.50,31.25,29344,47244,10.0469,5.7344,4.3125,23473531066,
312.051,49092,191.9,184.7,199.1,208.4,4616,4979,16.61,16.56,16.66,51.15,24.48,16.67,16.65,46.88,15.62,31.25,31.25,30321,49438,9.1875,5.7969,3.3906,24253585369,
314.052,49092,190.8,183.4,198.1,208.5,4585,4953,14.86,15.11,14.62,56.44,26.10,15.09,14.60,109.38,0.00,125.00,46.88,28483,48107,7.9688,4.9844,2.9844,23657834687,
316.052,49092,191.4,183.8,198.9,208.2,4595,4973,17.33,18.28,16.37,56.29,25.64,18.10,16.36,31.25,0.00,140.62,15.62,28989,48125,9.9062,6.0938,3.8125,24223450049,
318.052,49092,190.4,184.2,196.6,206.7,4606,4914,17.61,16.70,18.51,57.06,28.84,16.66,18.51,156.25,0.00,31.25,46.88,28801,45204,9.4062,5.2188,4.1875,21560466011,
320.052,49092,188.1,180.8,195.4,207.2,4520,4884,12.92,11.97,13.87,59.56,35.77,12.13,13.74,93.75,0.00,93.75,140.62,26604,40826,6.7656,4.4375,2.3281,17343290859,
322.053,49092,188.1,181.1,195.1,207.0,4526,4878,13.61,13.78,13.44,58.08,34.09,13.64,13.43,234.38,0.00,31.25,109.38,27785,41587,7.0000,4.4531,2.5469,17530045709,
324.053,49092,182.4,173.5,191.3,210.3,4336,4784,10.39,8.31,12.46,77.01,51.48,7.58,12.32,546.88,0.00,62.50,31.25,22434,49609,0.0000,0.0000,0.0000,,
326.053,49092,128.3,110.7,145.9,214.6,2767,3648,9.26,3.03,15.48,94.17,71.47,2.93,15.40,62.50,15.62,437.50,62.50,8635,14961,0.0000,0.0000,0.0000,,
328.053,,114.0,110.4,117.6,204.8,2760,2939,1.99,2.20,1.77,93.87,87.64,2.18,1.71,15.62,0.00,15.62,15.62,7795,11658,0.0000,0.0000,0.0000,,
