timestamp, clocks.current.sm [MHz], clocks.current.memory [MHz], utilization.gpu [%], power.draw [W], temperature.gpu, clocks_event_reasons.active
2026/09/19 17:24:26.220, 1665 MHz, 14301 MHz, 1 %, 23.04 W, 52, 0x0000000000000400
2026/09/19 17:24:26.723, 1635 MHz, 14301 MHz, 1 %, 22.89 W, 52, 0x0000000000000400
2026/09/19 17:24:27.229, 1717 MHz, 14301 MHz, 4 %, 23.52 W, 52, 0x0000000000000400
2026/09/19 17:24:27.735, 1642 MHz, 14301 MHz, 1 %, 23.81 W, 52, 0x0000000000000400
2026/09/19 17:24:28.242, 1672 MHz, 14301 MHz, 2 %, 23.27 W, 52, 0x0000000000000400
2026/09/19 17:24:28.743, 1650 MHz, 14301 MHz, 1 %, 23.11 W, 52, 0x0000000000000400
2026/09/19 17:24:29.249, 1657 MHz, 14301 MHz, 1 %, 23.29 W, 52, 0x0000000000000400
2026/09/19 17:24:29.771, 1642 MHz, 14301 MHz, 1 %, 23.18 W, 52, 0x0000000000000400
2026/09/19 17:24:30.277, 1650 MHz, 14301 MHz, 2 %, 23.14 W, 52, 0x0000000000000400
2026/09/19 17:24:30.783, 1650 MHz, 14301 MHz, 1 %, 23.15 W, 52, 0x0000000000000400
2026/09/19 17:24:31.288, 1635 MHz, 14301 MHz, 2 %, 23.23 W, 52, 0x0000000000000400
2026/09/19 17:24:31.795, 1657 MHz, 14301 MHz, 2 %, 23.26 W, 52, 0x0000000000000400
2026/09/19 17:24:32.298, 1642 MHz, 14301 MHz, 1 %, 23.21 W, 52, 0x0000000000000400
2026/09/19 17:24:32.802, 1642 MHz, 14301 MHz, 7 %, 23.48 W, 52, 0x0000000000000400
2026/09/19 17:24:33.313, 1905 MHz, 14301 MHz, 6 %, 24.76 W, 53, 0x0000000000000400
2026/09/19 17:24:33.826, 1650 MHz, 14301 MHz, 2 %, 24.94 W, 52, 0x0000000000000400
2026/09/19 17:24:34.339, 1642 MHz, 14301 MHz, 1 %, 23.36 W, 52, 0x0000000000000400
2026/09/19 17:24:34.840, 2235 MHz, 14301 MHz, 32 %, 35.63 W, 55, 0x0000000000000400
2026/09/19 17:24:35.355, 2032 MHz, 14301 MHz, 16 %, 43.33 W, 55, 0x0000000000000400
2026/09/19 17:24:35.869, 2010 MHz, 14301 MHz, 17 %, 41.74 W, 55, 0x0000000000000400
2026/09/19 17:24:36.371, 2032 MHz, 14301 MHz, 15 %, 41.62 W, 55, 0x0000000000000400
2026/09/19 17:24:36.885, 2047 MHz, 14301 MHz, 17 %, 42.30 W, 55, 0x0000000000000400
2026/09/19 17:24:37.385, 2017 MHz, 14301 MHz, 15 %, 42.09 W, 55, 0x0000000000000400
2026/09/19 17:24:37.900, 2865 MHz, 14301 MHz, 91 %, 51.31 W, 58, 0x0000000000000400
2026/09/19 17:24:38.415, 2947 MHz, 14301 MHz, 98 %, 70.68 W, 59, 0x0000000000000400
2026/09/19 17:24:38.928, 2955 MHz, 14301 MHz, 98 %, 83.07 W, 59, 0x0000000000000400
2026/09/19 17:24:39.432, 2962 MHz, 14301 MHz, 99 %, 77.65 W, 59, 0x0000000000000400
2026/09/19 17:24:39.937, 2962 MHz, 14301 MHz, 99 %, 76.55 W, 60, 0x0000000000000400
2026/09/19 17:24:40.438, 2955 MHz, 14301 MHz, 99 %, 76.61 W, 60, 0x0000000000000400
2026/09/19 17:24:40.953, 2962 MHz, 14301 MHz, 99 %, 76.86 W, 60, 0x0000000000000400
2026/09/19 17:24:41.463, 2962 MHz, 14301 MHz, 98 %, 76.82 W, 60, 0x0000000000000400
2026/09/19 17:24:41.978, 2962 MHz, 14301 MHz, 99 %, 76.71 W, 60, 0x0000000000000400
2026/09/19 17:24:42.493, 2962 MHz, 14301 MHz, 99 %, 76.84 W, 61, 0x0000000000000400
2026/09/19 17:24:43.008, 2962 MHz, 14301 MHz, 99 %, 76.82 W, 61, 0x0000000000000400
2026/09/19 17:24:43.523, 2962 MHz, 14301 MHz, 99 %, 76.86 W, 61, 0x0000000000000400
2026/09/19 17:24:44.027, 2962 MHz, 14301 MHz, 99 %, 76.82 W, 61, 0x0000000000000400
2026/09/19 17:24:44.528, 2962 MHz, 14301 MHz, 99 %, 76.87 W, 61, 0x0000000000000400
2026/09/19 17:24:45.028, 2962 MHz, 14301 MHz, 99 %, 76.76 W, 61, 0x0000000000000400
2026/09/19 17:24:45.540, 2962 MHz, 14301 MHz, 99 %, 76.69 W, 62, 0x0000000000000400
2026/09/19 17:24:46.056, 2962 MHz, 14301 MHz, 98 %, 76.84 W, 62, 0x0000000000000400
2026/09/19 17:24:46.558, 2962 MHz, 14301 MHz, 99 %, 77.04 W, 62, 0x0000000000000400
2026/09/19 17:24:47.070, 2962 MHz, 14301 MHz, 98 %, 77.24 W, 62, 0x0000000000000400
2026/09/19 17:24:47.586, 2962 MHz, 14301 MHz, 99 %, 77.11 W, 62, 0x0000000000000400
2026/09/19 17:24:48.090, 2962 MHz, 14301 MHz, 99 %, 77.21 W, 62, 0x0000000000000400
2026/09/19 17:24:48.593, 2962 MHz, 14301 MHz, 99 %, 77.22 W, 62, 0x0000000000000400
2026/09/19 17:24:49.107, 2962 MHz, 14301 MHz, 99 %, 77.35 W, 62, 0x0000000000000400
2026/09/19 17:24:49.621, 2962 MHz, 14301 MHz, 99 %, 77.49 W, 63, 0x0000000000000400
2026/09/19 17:24:50.137, 2962 MHz, 14301 MHz, 98 %, 77.75 W, 63, 0x0000000000000400
2026/09/19 17:24:50.651, 2962 MHz, 14301 MHz, 99 %, 77.82 W, 63, 0x0000000000000400
2026/09/19 17:24:51.156, 2962 MHz, 14301 MHz, 99 %, 78.01 W, 63, 0x0000000000000400
2026/09/19 17:24:51.659, 2962 MHz, 14301 MHz, 99 %, 78.11 W, 63, 0x0000000000000400
2026/09/19 17:24:52.174, 2962 MHz, 14301 MHz, 99 %, 78.21 W, 63, 0x0000000000000400
2026/09/19 17:24:52.678, 2962 MHz, 14301 MHz, 98 %, 78.34 W, 63, 0x0000000000000400
2026/09/19 17:24:53.179, 2955 MHz, 14301 MHz, 99 %, 78.68 W, 63, 0x0000000000000400
2026/09/19 17:24:53.690, 2835 MHz, 14301 MHz, 74 %, 77.95 W, 63, 0x0000000000000400
2026/09/19 17:24:54.195, 2917 MHz, 14301 MHz, 90 %, 76.08 W, 63, 0x0000000000000400
2026/09/19 17:24:54.711, 2932 MHz, 14301 MHz, 92 %, 75.76 W, 63, 0x0000000000000400
2026/09/19 17:24:55.226, 2932 MHz, 14301 MHz, 92 %, 77.62 W, 64, 0x0000000000000400
2026/09/19 17:24:55.731, 2940 MHz, 14301 MHz, 97 %, 77.84 W, 64, 0x0000000000000400
2026/09/19 17:24:56.237, 2955 MHz, 14301 MHz, 96 %, 78.74 W, 64, 0x0000000000000400
2026/09/19 17:24:56.739, 2955 MHz, 14301 MHz, 99 %, 78.82 W, 64, 0x0000000000000400
2026/09/19 17:24:57.244, 2925 MHz, 14301 MHz, 94 %, 78.80 W, 64, 0x0000000000000400
2026/09/19 17:24:57.745, 2940 MHz, 14301 MHz, 95 %, 79.18 W, 64, 0x0000000000000400
2026/09/19 17:24:58.246, 2940 MHz, 14301 MHz, 90 %, 79.09 W, 64, 0x0000000000000400
2026/09/19 17:24:58.760, 2932 MHz, 14301 MHz, 99 %, 78.63 W, 64, 0x0000000000000400
2026/09/19 17:24:59.260, 2932 MHz, 14301 MHz, 93 %, 78.11 W, 64, 0x0000000000000400
2026/09/19 17:24:59.763, 2940 MHz, 14301 MHz, 97 %, 78.16 W, 64, 0x0000000000000400
2026/09/19 17:25:00.265, 2932 MHz, 14301 MHz, 99 %, 78.58 W, 64, 0x0000000000000400
2026/09/19 17:25:00.766, 2947 MHz, 14301 MHz, 94 %, 79.06 W, 64, 0x0000000000000400
2026/09/19 17:25:01.268, 2940 MHz, 14301 MHz, 99 %, 78.78 W, 64, 0x0000000000000400
2026/09/19 17:25:01.772, 2940 MHz, 14301 MHz, 93 %, 78.79 W, 64, 0x0000000000000400
2026/09/19 17:25:02.285, 2932 MHz, 14301 MHz, 99 %, 79.43 W, 65, 0x0000000000000400
2026/09/19 17:25:02.801, 2947 MHz, 14301 MHz, 96 %, 79.71 W, 65, 0x0000000000000400
2026/09/19 17:25:03.303, 2955 MHz, 14301 MHz, 99 %, 79.67 W, 64, 0x0000000000000400
2026/09/19 17:25:03.807, 2917 MHz, 14301 MHz, 94 %, 79.09 W, 64, 0x0000000000000400
2026/09/19 17:25:04.310, 2940 MHz, 14301 MHz, 98 %, 78.69 W, 64, 0x0000000000000400
2026/09/19 17:25:04.816, 2925 MHz, 14301 MHz, 99 %, 78.86 W, 65, 0x0000000000000400
2026/09/19 17:25:05.330, 2955 MHz, 14301 MHz, 98 %, 79.94 W, 65, 0x0000000000000400
2026/09/19 17:25:05.845, 2917 MHz, 14301 MHz, 93 %, 79.73 W, 65, 0x0000000000000400
2026/09/19 17:25:06.345, 2955 MHz, 14301 MHz, 99 %, 79.71 W, 65, 0x0000000000000400
2026/09/19 17:25:06.847, 2932 MHz, 14301 MHz, 94 %, 79.79 W, 64, 0x0000000000000400
2026/09/19 17:25:07.349, 2955 MHz, 14301 MHz, 99 %, 80.17 W, 65, 0x0000000000000400
2026/09/19 17:25:07.852, 2940 MHz, 14301 MHz, 95 %, 80.17 W, 65, 0x0000000000000400
2026/09/19 17:25:08.356, 2932 MHz, 14301 MHz, 98 %, 80.13 W, 65, 0x0000000000000400
2026/09/19 17:25:08.857, 2910 MHz, 14301 MHz, 96 %, 80.21 W, 65, 0x0000000000000400
2026/09/19 17:25:09.358, 2932 MHz, 14301 MHz, 96 %, 80.63 W, 65, 0x0000000000000400
2026/09/19 17:25:09.861, 2932 MHz, 14301 MHz, 98 %, 80.74 W, 65, 0x0000000000000400
2026/09/19 17:25:10.376, 2917 MHz, 14301 MHz, 96 %, 80.58 W, 65, 0x0000000000000400
2026/09/19 17:25:10.891, 2932 MHz, 14301 MHz, 94 %, 80.62 W, 65, 0x0000000000000400
2026/09/19 17:25:11.394, 2917 MHz, 14301 MHz, 94 %, 80.56 W, 65, 0x0000000000000400
2026/09/19 17:25:11.909, 2902 MHz, 14301 MHz, 90 %, 80.18 W, 65, 0x0000000000000400
2026/09/19 17:25:12.422, 2947 MHz, 14301 MHz, 98 %, 80.25 W, 65, 0x0000000000000400
2026/09/19 17:25:12.937, 2940 MHz, 14301 MHz, 99 %, 80.89 W, 65, 0x0000000000000400
2026/09/19 17:25:13.452, 2940 MHz, 14301 MHz, 94 %, 80.39 W, 65, 0x0000000000000400
2026/09/19 17:25:13.964, 2917 MHz, 14301 MHz, 98 %, 79.75 W, 65, 0x0000000000000400
2026/09/19 17:25:14.476, 2947 MHz, 14301 MHz, 99 %, 79.18 W, 65, 0x0000000000000400
2026/09/19 17:25:14.978, 2940 MHz, 14301 MHz, 98 %, 79.60 W, 65, 0x0000000000000400
2026/09/19 17:25:15.480, 2940 MHz, 14301 MHz, 98 %, 79.38 W, 65, 0x0000000000000400
2026/09/19 17:25:15.995, 2932 MHz, 14301 MHz, 96 %, 79.15 W, 65, 0x0000000000000400
2026/09/19 17:25:16.509, 2940 MHz, 14301 MHz, 94 %, 79.05 W, 65, 0x0000000000000400
2026/09/19 17:25:17.011, 2910 MHz, 14301 MHz, 92 %, 78.16 W, 65, 0x0000000000000400
2026/09/19 17:25:17.522, 2925 MHz, 14301 MHz, 92 %, 77.36 W, 65, 0x0000000000000400
2026/09/19 17:25:18.032, 2947 MHz, 14301 MHz, 99 %, 77.91 W, 65, 0x0000000000000400
2026/09/19 17:25:18.537, 2925 MHz, 14301 MHz, 94 %, 78.09 W, 65, 0x0000000000000400
2026/09/19 17:25:19.049, 2947 MHz, 14301 MHz, 99 %, 78.03 W, 65, 0x0000000000000400
2026/09/19 17:25:19.550, 2947 MHz, 14301 MHz, 98 %, 77.97 W, 65, 0x0000000000000400
2026/09/19 17:25:20.065, 2910 MHz, 14301 MHz, 93 %, 77.54 W, 65, 0x0000000000000400
2026/09/19 17:25:20.578, 2902 MHz, 14301 MHz, 99 %, 77.09 W, 65, 0x0000000000000400
2026/09/19 17:25:21.080, 2940 MHz, 14301 MHz, 99 %, 77.62 W, 65, 0x0000000000000400
2026/09/19 17:25:21.590, 2940 MHz, 14301 MHz, 96 %, 78.08 W, 65, 0x0000000000000400
2026/09/19 17:25:22.093, 2947 MHz, 14301 MHz, 99 %, 78.75 W, 65, 0x0000000000000400
2026/09/19 17:25:22.595, 2947 MHz, 14301 MHz, 99 %, 79.10 W, 65, 0x0000000000000400
2026/09/19 17:25:23.096, 2947 MHz, 14301 MHz, 99 %, 79.56 W, 65, 0x0000000000000400
2026/09/19 17:25:23.610, 2955 MHz, 14301 MHz, 99 %, 79.59 W, 65, 0x0000000000000400
2026/09/19 17:25:24.111, 2947 MHz, 14301 MHz, 99 %, 79.47 W, 65, 0x0000000000000400
2026/09/19 17:25:24.613, 2947 MHz, 14301 MHz, 99 %, 79.76 W, 65, 0x0000000000000400
2026/09/19 17:25:25.113, 2947 MHz, 14301 MHz, 99 %, 79.87 W, 65, 0x0000000000000400
2026/09/19 17:25:25.618, 2947 MHz, 14301 MHz, 99 %, 79.95 W, 65, 0x0000000000000400
2026/09/19 17:25:26.134, 2947 MHz, 14301 MHz, 98 %, 80.21 W, 65, 0x0000000000000400
2026/09/19 17:25:26.645, 2947 MHz, 14301 MHz, 99 %, 80.38 W, 65, 0x0000000000000400
2026/09/19 17:25:27.159, 2947 MHz, 14301 MHz, 99 %, 80.30 W, 66, 0x0000000000000400
2026/09/19 17:25:27.674, 2947 MHz, 14301 MHz, 98 %, 80.37 W, 65, 0x0000000000000400
2026/09/19 17:25:28.179, 2947 MHz, 14301 MHz, 99 %, 81.17 W, 66, 0x0000000000000400
2026/09/19 17:25:28.680, 2947 MHz, 14301 MHz, 99 %, 82.55 W, 66, 0x0000000000000400
2026/09/19 17:25:29.196, 2947 MHz, 14301 MHz, 99 %, 83.67 W, 66, 0x0000000000000400
2026/09/19 17:25:29.711, 2947 MHz, 14301 MHz, 99 %, 83.82 W, 66, 0x0000000000000400
2026/09/19 17:25:30.215, 2940 MHz, 14301 MHz, 99 %, 83.85 W, 66, 0x0000000000000400
2026/09/19 17:25:30.726, 2940 MHz, 14301 MHz, 99 %, 84.36 W, 66, 0x0000000000000400
2026/09/19 17:25:31.232, 2940 MHz, 14301 MHz, 99 %, 83.99 W, 66, 0x0000000000000400
2026/09/19 17:25:31.738, 2940 MHz, 14301 MHz, 99 %, 83.76 W, 66, 0x0000000000000400
2026/09/19 17:25:32.240, 2947 MHz, 14301 MHz, 99 %, 83.51 W, 66, 0x0000000000000400
2026/09/19 17:25:32.744, 2940 MHz, 14301 MHz, 99 %, 83.44 W, 66, 0x0000000000000400
2026/09/19 17:25:33.249, 2947 MHz, 14301 MHz, 99 %, 83.41 W, 66, 0x0000000000000400
2026/09/19 17:25:33.752, 2947 MHz, 14301 MHz, 99 %, 83.32 W, 66, 0x0000000000000400
2026/09/19 17:25:34.256, 2947 MHz, 14301 MHz, 99 %, 83.28 W, 66, 0x0000000000000400
2026/09/19 17:25:34.768, 2947 MHz, 14301 MHz, 99 %, 83.11 W, 66, 0x0000000000000400
2026/09/19 17:25:35.269, 2947 MHz, 14301 MHz, 99 %, 83.35 W, 66, 0x0000000000000400
2026/09/19 17:25:35.777, 2947 MHz, 14301 MHz, 99 %, 83.32 W, 66, 0x0000000000000400
2026/09/19 17:25:36.285, 2940 MHz, 14301 MHz, 98 %, 83.45 W, 66, 0x0000000000000400
2026/09/19 17:25:36.790, 2940 MHz, 14301 MHz, 99 %, 83.56 W, 66, 0x0000000000000400
2026/09/19 17:25:37.295, 2947 MHz, 14301 MHz, 98 %, 83.50 W, 66, 0x0000000000000400
2026/09/19 17:25:37.800, 2947 MHz, 14301 MHz, 99 %, 83.36 W, 66, 0x0000000000000400
2026/09/19 17:25:38.309, 2947 MHz, 14301 MHz, 98 %, 83.34 W, 66, 0x0000000000000400
2026/09/19 17:25:38.811, 2947 MHz, 14301 MHz, 99 %, 83.41 W, 66, 0x0000000000000400
2026/09/19 17:25:39.316, 2947 MHz, 14301 MHz, 99 %, 83.56 W, 66, 0x0000000000000400
2026/09/19 17:25:39.817, 2947 MHz, 14301 MHz, 99 %, 83.68 W, 66, 0x0000000000000400
2026/09/19 17:25:40.321, 2947 MHz, 14301 MHz, 99 %, 83.72 W, 66, 0x0000000000000400
2026/09/19 17:25:40.828, 2947 MHz, 14301 MHz, 99 %, 83.61 W, 66, 0x0000000000000400
2026/09/19 17:25:41.336, 2947 MHz, 14301 MHz, 99 %, 83.68 W, 66, 0x0000000000000400
2026/09/19 17:25:41.841, 2940 MHz, 14301 MHz, 98 %, 83.81 W, 66, 0x0000000000000400
2026/09/19 17:25:42.348, 2940 MHz, 14301 MHz, 99 %, 84.03 W, 66, 0x0000000000000400
2026/09/19 17:25:42.852, 2940 MHz, 14301 MHz, 99 %, 84.14 W, 67, 0x0000000000000400
2026/09/19 17:25:43.355, 2947 MHz, 14301 MHz, 99 %, 84.08 W, 66, 0x0000000000000400
2026/09/19 17:25:43.870, 2940 MHz, 14301 MHz, 99 %, 83.95 W, 66, 0x0000000000000400
2026/09/19 17:25:44.374, 2940 MHz, 14301 MHz, 99 %, 83.98 W, 66, 0x0000000000000400
2026/09/19 17:25:44.888, 2940 MHz, 14301 MHz, 99 %, 84.14 W, 67, 0x0000000000000400
2026/09/19 17:25:45.393, 2940 MHz, 14301 MHz, 99 %, 84.25 W, 66, 0x0000000000000400
2026/09/19 17:25:45.897, 2940 MHz, 14301 MHz, 98 %, 84.21 W, 67, 0x0000000000000400
2026/09/19 17:25:46.401, 2940 MHz, 14301 MHz, 99 %, 84.19 W, 66, 0x0000000000000400
2026/09/19 17:25:46.906, 2947 MHz, 14301 MHz, 99 %, 83.97 W, 66, 0x0000000000000400
2026/09/19 17:25:47.409, 2940 MHz, 14301 MHz, 99 %, 83.74 W, 66, 0x0000000000000400
2026/09/19 17:25:47.912, 2940 MHz, 14301 MHz, 98 %, 83.79 W, 67, 0x0000000000000400
2026/09/19 17:25:48.415, 2940 MHz, 14301 MHz, 99 %, 84.01 W, 67, 0x0000000000000400
2026/09/19 17:25:48.916, 2940 MHz, 14301 MHz, 98 %, 84.07 W, 67, 0x0000000000000400
2026/09/19 17:25:49.421, 2940 MHz, 14301 MHz, 98 %, 83.88 W, 67, 0x0000000000000400
2026/09/19 17:25:49.927, 2940 MHz, 14301 MHz, 99 %, 83.70 W, 67, 0x0000000000000400
2026/09/19 17:25:50.431, 2940 MHz, 14301 MHz, 99 %, 83.55 W, 67, 0x0000000000000400
2026/09/19 17:25:50.937, 2940 MHz, 14301 MHz, 98 %, 83.79 W, 67, 0x0000000000000400
2026/09/19 17:25:51.440, 2940 MHz, 14301 MHz, 99 %, 84.06 W, 67, 0x0000000000000400
2026/09/19 17:25:51.943, 2940 MHz, 14301 MHz, 98 %, 83.86 W, 67, 0x0000000000000400
2026/09/19 17:25:52.445, 2940 MHz, 14301 MHz, 99 %, 83.63 W, 67, 0x0000000000000400
2026/09/19 17:25:52.946, 2947 MHz, 14301 MHz, 98 %, 83.68 W, 67, 0x0000000000000400
2026/09/19 17:25:53.447, 2940 MHz, 14301 MHz, 99 %, 83.99 W, 67, 0x0000000000000400
2026/09/19 17:25:53.954, 2940 MHz, 14301 MHz, 99 %, 84.09 W, 67, 0x0000000000000400
2026/09/19 17:25:54.455, 2940 MHz, 14301 MHz, 98 %, 84.11 W, 67, 0x0000000000000400
2026/09/19 17:25:54.957, 2940 MHz, 14301 MHz, 99 %, 84.28 W, 67, 0x0000000000000400
2026/09/19 17:25:55.460, 2940 MHz, 14301 MHz, 99 %, 84.39 W, 67, 0x0000000000000400
2026/09/19 17:25:55.963, 2940 MHz, 14301 MHz, 99 %, 84.35 W, 67, 0x0000000000000400
2026/09/19 17:25:56.467, 2940 MHz, 14301 MHz, 99 %, 84.25 W, 67, 0x0000000000000400
2026/09/19 17:25:56.970, 2940 MHz, 14301 MHz, 99 %, 84.39 W, 67, 0x0000000000000400
2026/09/19 17:25:57.472, 2940 MHz, 14301 MHz, 99 %, 84.45 W, 67, 0x0000000000000400
2026/09/19 17:25:57.976, 2940 MHz, 14301 MHz, 99 %, 84.49 W, 67, 0x0000000000000400
2026/09/19 17:25:58.483, 2940 MHz, 14301 MHz, 99 %, 84.46 W, 67, 0x0000000000000400
2026/09/19 17:25:58.986, 2940 MHz, 14301 MHz, 99 %, 84.42 W, 67, 0x0000000000000400
2026/09/19 17:25:59.488, 2940 MHz, 14301 MHz, 99 %, 84.36 W, 67, 0x0000000000000400
2026/09/19 17:25:59.989, 2940 MHz, 14301 MHz, 99 %, 84.54 W, 67, 0x0000000000000400
2026/09/19 17:26:00.496, 2940 MHz, 14301 MHz, 98 %, 84.77 W, 67, 0x0000000000000400
2026/09/19 17:26:01.010, 2940 MHz, 14301 MHz, 99 %, 84.76 W, 67, 0x0000000000000400
2026/09/19 17:26:01.518, 2940 MHz, 14301 MHz, 99 %, 84.60 W, 67, 0x0000000000000400
2026/09/19 17:26:02.019, 2940 MHz, 14301 MHz, 99 %, 84.33 W, 67, 0x0000000000000400
2026/09/19 17:26:02.525, 2940 MHz, 14301 MHz, 99 %, 84.29 W, 67, 0x0000000000000400
2026/09/19 17:26:03.040, 2940 MHz, 14301 MHz, 98 %, 84.44 W, 67, 0x0000000000000400
2026/09/19 17:26:03.542, 2940 MHz, 14301 MHz, 99 %, 84.52 W, 67, 0x0000000000000400
2026/09/19 17:26:04.045, 2940 MHz, 14301 MHz, 99 %, 84.44 W, 67, 0x0000000000000400
2026/09/19 17:26:04.552, 2940 MHz, 14301 MHz, 99 %, 84.38 W, 67, 0x0000000000000400
2026/09/19 17:26:05.055, 2940 MHz, 14301 MHz, 99 %, 84.24 W, 67, 0x0000000000000400
2026/09/19 17:26:05.560, 2940 MHz, 14301 MHz, 99 %, 84.23 W, 67, 0x0000000000000400
2026/09/19 17:26:06.063, 2940 MHz, 14301 MHz, 99 %, 84.35 W, 67, 0x0000000000000400
2026/09/19 17:26:06.566, 2940 MHz, 14301 MHz, 99 %, 84.57 W, 67, 0x0000000000000400
2026/09/19 17:26:07.069, 2940 MHz, 14301 MHz, 98 %, 84.63 W, 67, 0x0000000000000400
2026/09/19 17:26:07.573, 2940 MHz, 14301 MHz, 99 %, 84.71 W, 67, 0x0000000000000400
2026/09/19 17:26:08.079, 2940 MHz, 14301 MHz, 99 %, 84.51 W, 67, 0x0000000000000400
2026/09/19 17:26:08.595, 2940 MHz, 14301 MHz, 98 %, 84.32 W, 67, 0x0000000000000400
2026/09/19 17:26:09.102, 2940 MHz, 14301 MHz, 98 %, 84.60 W, 67, 0x0000000000000400
2026/09/19 17:26:09.603, 2940 MHz, 14301 MHz, 98 %, 84.79 W, 67, 0x0000000000000400
2026/09/19 17:26:10.106, 2940 MHz, 14301 MHz, 99 %, 84.78 W, 67, 0x0000000000000400
2026/09/19 17:26:10.611, 2940 MHz, 14301 MHz, 99 %, 84.84 W, 67, 0x0000000000000400
2026/09/19 17:26:11.115, 2940 MHz, 14301 MHz, 99 %, 84.89 W, 67, 0x0000000000000400
2026/09/19 17:26:11.619, 2940 MHz, 14301 MHz, 99 %, 84.77 W, 67, 0x0000000000000400
2026/09/19 17:26:12.134, 2452 MHz, 14301 MHz, 52 %, 75.08 W, 65, 0x0000000000000400
2026/09/19 17:26:12.635, 2467 MHz, 14301 MHz, 50 %, 58.67 W, 65, 0x0000000000000400
2026/09/19 17:26:13.150, 2520 MHz, 14301 MHz, 52 %, 54.23 W, 64, 0x0000000000000400
2026/09/19 17:26:13.653, 2460 MHz, 14301 MHz, 53 %, 54.73 W, 64, 0x0000000000000400
2026/09/19 17:26:14.158, 2527 MHz, 14301 MHz, 52 %, 54.94 W, 64, 0x0000000000000400
2026/09/19 17:26:14.665, 2505 MHz, 14301 MHz, 52 %, 55.09 W, 64, 0x0000000000000400
2026/09/19 17:26:15.168, 2512 MHz, 14301 MHz, 51 %, 54.70 W, 64, 0x0000000000000400
2026/09/19 17:26:15.673, 2497 MHz, 14301 MHz, 53 %, 54.38 W, 64, 0x0000000000000400
2026/09/19 17:26:16.176, 2505 MHz, 14301 MHz, 52 %, 54.90 W, 64, 0x0000000000000400
2026/09/19 17:26:16.680, 2535 MHz, 14301 MHz, 53 %, 55.43 W, 64, 0x0000000000000400
2026/09/19 17:26:17.193, 2505 MHz, 14301 MHz, 52 %, 54.92 W, 64, 0x0000000000000400
2026/09/19 17:26:17.696, 2482 MHz, 14301 MHz, 53 %, 54.65 W, 63, 0x0000000000000400
2026/09/19 17:26:18.202, 2467 MHz, 14301 MHz, 52 %, 54.71 W, 63, 0x0000000000000400
2026/09/19 17:26:18.703, 2497 MHz, 14301 MHz, 50 %, 54.24 W, 63, 0x0000000000000400
2026/09/19 17:26:19.220, 2535 MHz, 14301 MHz, 51 %, 54.53 W, 63, 0x0000000000000400
2026/09/19 17:26:19.724, 2520 MHz, 14301 MHz, 52 %, 54.75 W, 63, 0x0000000000000400
2026/09/19 17:26:20.235, 2475 MHz, 14301 MHz, 52 %, 54.56 W, 64, 0x0000000000000400
2026/09/19 17:26:20.738, 2505 MHz, 14301 MHz, 52 %, 54.32 W, 64, 0x0000000000000400
2026/09/19 17:26:21.239, 2955 MHz, 14301 MHz, 99 %, 63.88 W, 66, 0x0000000000000400
2026/09/19 17:26:21.742, 2940 MHz, 14301 MHz, 99 %, 79.79 W, 66, 0x0000000000000400
2026/09/19 17:26:22.248, 2940 MHz, 14301 MHz, 99 %, 84.28 W, 66, 0x0000000000000400
2026/09/19 17:26:22.762, 2940 MHz, 14301 MHz, 99 %, 84.46 W, 66, 0x0000000000000400
2026/09/19 17:26:23.277, 2947 MHz, 14301 MHz, 99 %, 84.40 W, 66, 0x0000000000000400
2026/09/19 17:26:23.777, 2940 MHz, 14301 MHz, 99 %, 84.49 W, 66, 0x0000000000000400
2026/09/19 17:26:24.278, 2940 MHz, 14301 MHz, 99 %, 84.60 W, 66, 0x0000000000000400
2026/09/19 17:26:24.793, 2940 MHz, 14301 MHz, 99 %, 84.70 W, 67, 0x0000000000000400
2026/09/19 17:26:25.294, 2940 MHz, 14301 MHz, 99 %, 84.87 W, 67, 0x0000000000000400
2026/09/19 17:26:25.796, 2940 MHz, 14301 MHz, 99 %, 84.95 W, 66, 0x0000000000000400
2026/09/19 17:26:26.299, 2940 MHz, 14301 MHz, 98 %, 84.83 W, 67, 0x0000000000000400
2026/09/19 17:26:26.803, 2940 MHz, 14301 MHz, 98 %, 84.83 W, 67, 0x0000000000000400
2026/09/19 17:26:27.309, 2940 MHz, 14301 MHz, 99 %, 85.13 W, 67, 0x0000000000000400
2026/09/19 17:26:27.811, 2940 MHz, 14301 MHz, 98 %, 85.26 W, 67, 0x0000000000000400
2026/09/19 17:26:28.325, 2940 MHz, 14301 MHz, 98 %, 85.32 W, 67, 0x0000000000000400
2026/09/19 17:26:28.839, 2940 MHz, 14301 MHz, 98 %, 85.24 W, 67, 0x0000000000000400
2026/09/19 17:26:29.347, 2940 MHz, 14301 MHz, 99 %, 85.32 W, 67, 0x0000000000000400
2026/09/19 17:26:29.848, 2940 MHz, 14301 MHz, 98 %, 85.41 W, 67, 0x0000000000000400
2026/09/19 17:26:30.352, 2445 MHz, 14301 MHz, 49 %, 73.33 W, 65, 0x0000000000000400
2026/09/19 17:26:30.856, 2490 MHz, 14301 MHz, 48 %, 56.69 W, 64, 0x0000000000000400
2026/09/19 17:26:31.367, 2475 MHz, 14301 MHz, 50 %, 54.07 W, 64, 0x0000000000000400
2026/09/19 17:26:31.871, 2475 MHz, 14301 MHz, 53 %, 54.36 W, 64, 0x0000000000000400
2026/09/19 17:26:32.374, 2482 MHz, 14301 MHz, 53 %, 54.85 W, 64, 0x0000000000000400
2026/09/19 17:26:32.881, 2497 MHz, 14301 MHz, 51 %, 54.72 W, 63, 0x0000000000000400
2026/09/19 17:26:33.396, 2497 MHz, 14301 MHz, 50 %, 54.71 W, 63, 0x0000000000000400
2026/09/19 17:26:33.897, 2505 MHz, 14301 MHz, 51 %, 54.84 W, 63, 0x0000000000000400
2026/09/19 17:26:34.399, 2520 MHz, 14301 MHz, 52 %, 55.18 W, 63, 0x0000000000000400
2026/09/19 17:26:34.913, 2550 MHz, 14301 MHz, 52 %, 55.07 W, 64, 0x0000000000000400
2026/09/19 17:26:35.417, 2512 MHz, 14301 MHz, 54 %, 55.09 W, 63, 0x0000000000000400
2026/09/19 17:26:35.920, 2542 MHz, 14301 MHz, 52 %, 55.44 W, 63, 0x0000000000000400
2026/09/19 17:26:36.426, 2542 MHz, 14301 MHz, 50 %, 55.41 W, 63, 0x0000000000000400
2026/09/19 17:26:36.939, 2527 MHz, 14301 MHz, 51 %, 55.29 W, 63, 0x0000000000000400
2026/09/19 17:26:37.442, 2572 MHz, 14301 MHz, 52 %, 55.42 W, 63, 0x0000000000000400
2026/09/19 17:26:37.944, 2482 MHz, 14301 MHz, 52 %, 55.03 W, 63, 0x0000000000000400
2026/09/19 17:26:38.447, 2542 MHz, 14301 MHz, 58 %, 54.88 W, 63, 0x0000000000000400
2026/09/19 17:26:38.950, 2940 MHz, 14301 MHz, 99 %, 68.16 W, 66, 0x0000000000000400
2026/09/19 17:26:39.452, 2940 MHz, 14301 MHz, 98 %, 81.78 W, 66, 0x0000000000000400
2026/09/19 17:26:39.965, 2940 MHz, 14301 MHz, 99 %, 84.17 W, 66, 0x0000000000000400
2026/09/19 17:26:40.480, 2940 MHz, 14301 MHz, 99 %, 84.26 W, 66, 0x0000000000000400
2026/09/19 17:26:40.986, 2947 MHz, 14301 MHz, 97 %, 83.44 W, 66, 0x0000000000000400
2026/09/19 17:26:41.486, 2940 MHz, 14301 MHz, 98 %, 82.70 W, 67, 0x0000000000000400
2026/09/19 17:26:42.001, 2940 MHz, 14301 MHz, 99 %, 83.65 W, 67, 0x0000000000000400
2026/09/19 17:26:42.514, 2940 MHz, 14301 MHz, 99 %, 84.29 W, 67, 0x0000000000000400
2026/09/19 17:26:43.019, 2940 MHz, 14301 MHz, 99 %, 84.36 W, 67, 0x0000000000000400
2026/09/19 17:26:43.522, 2940 MHz, 14301 MHz, 98 %, 84.34 W, 67, 0x0000000000000400
2026/09/19 17:26:44.024, 2940 MHz, 14301 MHz, 98 %, 84.40 W, 66, 0x0000000000000400
2026/09/19 17:26:44.528, 2940 MHz, 14301 MHz, 99 %, 84.40 W, 67, 0x0000000000000400
2026/09/19 17:26:45.030, 2940 MHz, 14301 MHz, 98 %, 84.49 W, 67, 0x0000000000000400
2026/09/19 17:26:45.545, 2940 MHz, 14301 MHz, 99 %, 84.63 W, 67, 0x0000000000000400
2026/09/19 17:26:46.061, 2940 MHz, 14301 MHz, 99 %, 84.68 W, 67, 0x0000000000000400
2026/09/19 17:26:46.561, 2940 MHz, 14301 MHz, 99 %, 84.66 W, 67, 0x0000000000000400
2026/09/19 17:26:47.069, 2940 MHz, 14301 MHz, 98 %, 84.38 W, 67, 0x0000000000000400
2026/09/19 17:26:47.571, 2940 MHz, 14301 MHz, 98 %, 84.19 W, 67, 0x0000000000000400
2026/09/19 17:26:48.072, 2490 MHz, 14301 MHz, 50 %, 75.54 W, 65, 0x0000000000000400
2026/09/19 17:26:48.574, 2512 MHz, 14301 MHz, 50 %, 62.22 W, 64, 0x0000000000000400
2026/09/19 17:26:49.090, 2497 MHz, 14301 MHz, 50 %, 54.49 W, 64, 0x0000000000000400
2026/09/19 17:26:49.591, 2520 MHz, 14301 MHz, 51 %, 54.22 W, 64, 0x0000000000000400
2026/09/19 17:26:50.095, 2565 MHz, 14301 MHz, 52 %, 54.60 W, 63, 0x0000000000000400
2026/09/19 17:26:50.611, 2520 MHz, 14301 MHz, 55 %, 55.31 W, 63, 0x0000000000000400
2026/09/19 17:26:51.125, 2535 MHz, 14301 MHz, 51 %, 55.15 W, 63, 0x0000000000000400
2026/09/19 17:26:51.626, 2482 MHz, 14301 MHz, 50 %, 54.46 W, 64, 0x0000000000000400
2026/09/19 17:26:52.128, 2557 MHz, 14301 MHz, 51 %, 54.76 W, 64, 0x0000000000000400
2026/09/19 17:26:52.630, 2460 MHz, 14301 MHz, 51 %, 54.91 W, 64, 0x0000000000000400
2026/09/19 17:26:53.131, 2535 MHz, 14301 MHz, 53 %, 54.97 W, 63, 0x0000000000000400
2026/09/19 17:26:53.633, 2490 MHz, 14301 MHz, 53 %, 55.16 W, 63, 0x0000000000000400
2026/09/19 17:26:54.134, 2527 MHz, 14301 MHz, 51 %, 54.78 W, 63, 0x0000000000000400
2026/09/19 17:26:54.635, 2497 MHz, 14301 MHz, 50 %, 54.43 W, 63, 0x0000000000000400
2026/09/19 17:26:55.138, 2512 MHz, 14301 MHz, 48 %, 54.15 W, 63, 0x0000000000000400
2026/09/19 17:26:55.639, 2527 MHz, 14301 MHz, 51 %, 54.66 W, 63, 0x0000000000000400
2026/09/19 17:26:56.143, 2460 MHz, 14301 MHz, 53 %, 54.67 W, 63, 0x0000000000000400
2026/09/19 17:26:56.645, 2580 MHz, 14301 MHz, 52 %, 54.86 W, 63, 0x0000000000000400
2026/09/19 17:26:57.146, 2955 MHz, 14301 MHz, 98 %, 62.44 W, 65, 0x0000000000000400
2026/09/19 17:26:57.661, 2940 MHz, 14301 MHz, 99 %, 74.72 W, 66, 0x0000000000000400
2026/09/19 17:26:58.165, 2940 MHz, 14301 MHz, 99 %, 83.96 W, 66, 0x0000000000000400
2026/09/19 17:26:58.670, 2940 MHz, 14301 MHz, 99 %, 84.07 W, 66, 0x0000000000000400
2026/09/19 17:26:59.173, 2940 MHz, 14301 MHz, 98 %, 84.02 W, 66, 0x0000000000000400
2026/09/19 17:26:59.676, 2940 MHz, 14301 MHz, 99 %, 83.58 W, 66, 0x0000000000000400
2026/09/19 17:27:00.180, 2940 MHz, 14301 MHz, 98 %, 83.74 W, 66, 0x0000000000000400
2026/09/19 17:27:00.685, 2940 MHz, 14301 MHz, 98 %, 84.36 W, 66, 0x0000000000000400
2026/09/19 17:27:01.187, 2940 MHz, 14301 MHz, 99 %, 84.50 W, 66, 0x0000000000000400
2026/09/19 17:27:01.703, 2940 MHz, 14301 MHz, 98 %, 84.64 W, 66, 0x0000000000000400
2026/09/19 17:27:02.218, 2940 MHz, 14301 MHz, 99 %, 84.49 W, 66, 0x0000000000000400
2026/09/19 17:27:02.722, 2940 MHz, 14301 MHz, 98 %, 84.38 W, 66, 0x0000000000000400
2026/09/19 17:27:03.227, 2940 MHz, 14301 MHz, 98 %, 84.39 W, 66, 0x0000000000000400
2026/09/19 17:27:03.731, 2940 MHz, 14301 MHz, 99 %, 84.64 W, 67, 0x0000000000000400
2026/09/19 17:27:04.238, 2940 MHz, 14301 MHz, 98 %, 84.75 W, 67, 0x0000000000000400
2026/09/19 17:27:04.741, 2940 MHz, 14301 MHz, 99 %, 84.77 W, 67, 0x0000000000000400
2026/09/19 17:27:05.243, 2940 MHz, 14301 MHz, 99 %, 84.71 W, 67, 0x0000000000000400
2026/09/19 17:27:05.750, 2940 MHz, 14301 MHz, 99 %, 84.50 W, 67, 0x0000000000000400
2026/09/19 17:27:06.265, 2632 MHz, 14301 MHz, 50 %, 79.12 W, 65, 0x0000000000000400
2026/09/19 17:27:06.766, 2452 MHz, 14301 MHz, 51 %, 64.02 W, 64, 0x0000000000000400
2026/09/19 17:27:07.267, 2527 MHz, 14301 MHz, 50 %, 53.85 W, 63, 0x0000000000000400
2026/09/19 17:27:07.773, 2505 MHz, 14301 MHz, 52 %, 54.06 W, 64, 0x0000000000000400
2026/09/19 17:27:08.277, 2490 MHz, 14301 MHz, 50 %, 54.10 W, 64, 0x0000000000000400
2026/09/19 17:27:08.780, 2527 MHz, 14301 MHz, 52 %, 54.59 W, 64, 0x0000000000000400
2026/09/19 17:27:09.296, 2482 MHz, 14301 MHz, 53 %, 54.61 W, 63, 0x0000000000000400
2026/09/19 17:27:09.801, 2505 MHz, 14301 MHz, 49 %, 53.91 W, 63, 0x0000000000000400
2026/09/19 17:27:10.302, 2512 MHz, 14301 MHz, 53 %, 54.08 W, 63, 0x0000000000000400
2026/09/19 17:27:10.806, 2482 MHz, 14301 MHz, 52 %, 54.36 W, 63, 0x0000000000000400
2026/09/19 17:27:11.311, 2527 MHz, 14301 MHz, 50 %, 54.28 W, 63, 0x0000000000000400
2026/09/19 17:27:11.816, 2512 MHz, 14301 MHz, 52 %, 54.55 W, 63, 0x0000000000000400
2026/09/19 17:27:12.321, 2505 MHz, 14301 MHz, 52 %, 54.81 W, 63, 0x0000000000000400
2026/09/19 17:27:12.829, 2550 MHz, 14301 MHz, 52 %, 54.57 W, 63, 0x0000000000000400
2026/09/19 17:27:13.336, 2482 MHz, 14301 MHz, 52 %, 54.44 W, 63, 0x0000000000000400
2026/09/19 17:27:13.838, 2512 MHz, 14301 MHz, 51 %, 54.30 W, 63, 0x0000000000000400
2026/09/19 17:27:14.344, 2505 MHz, 14301 MHz, 51 %, 54.26 W, 63, 0x0000000000000400
2026/09/19 17:27:14.850, 2527 MHz, 14301 MHz, 53 %, 54.66 W, 63, 0x0000000000000400
2026/09/19 17:27:15.351, 2782 MHz, 14301 MHz, 98 %, 58.69 W, 64, 0x0000000000000400
2026/09/19 17:27:15.853, 2940 MHz, 14301 MHz, 99 %, 72.06 W, 66, 0x0000000000000400
2026/09/19 17:27:16.356, 2940 MHz, 14301 MHz, 99 %, 84.19 W, 66, 0x0000000000000400
2026/09/19 17:27:16.871, 2940 MHz, 14301 MHz, 99 %, 84.40 W, 66, 0x0000000000000400
2026/09/19 17:27:17.374, 2947 MHz, 14301 MHz, 98 %, 84.19 W, 66, 0x0000000000000400
2026/09/19 17:27:17.879, 2940 MHz, 14301 MHz, 98 %, 83.87 W, 66, 0x0000000000000400
2026/09/19 17:27:18.394, 2940 MHz, 14301 MHz, 99 %, 83.85 W, 66, 0x0000000000000400
2026/09/19 17:27:18.896, 2940 MHz, 14301 MHz, 98 %, 84.40 W, 66, 0x0000000000000400
2026/09/19 17:27:19.399, 2940 MHz, 14301 MHz, 99 %, 84.68 W, 66, 0x0000000000000400
2026/09/19 17:27:19.904, 2940 MHz, 14301 MHz, 99 %, 84.55 W, 67, 0x0000000000000400
2026/09/19 17:27:20.405, 2940 MHz, 14301 MHz, 99 %, 84.44 W, 66, 0x0000000000000400
2026/09/19 17:27:20.921, 2940 MHz, 14301 MHz, 98 %, 84.48 W, 67, 0x0000000000000400
2026/09/19 17:27:21.425, 2940 MHz, 14301 MHz, 99 %, 84.45 W, 66, 0x0000000000000400
2026/09/19 17:27:21.934, 2940 MHz, 14301 MHz, 98 %, 84.58 W, 66, 0x0000000000000400
2026/09/19 17:27:22.437, 2940 MHz, 14301 MHz, 99 %, 84.69 W, 66, 0x0000000000000400
2026/09/19 17:27:22.939, 2940 MHz, 14301 MHz, 99 %, 84.64 W, 67, 0x0000000000000400
2026/09/19 17:27:23.444, 2940 MHz, 14301 MHz, 99 %, 84.38 W, 67, 0x0000000000000400
2026/09/19 17:27:23.951, 2625 MHz, 14301 MHz, 51 %, 79.42 W, 65, 0x0000000000000400
2026/09/19 17:27:24.455, 2490 MHz, 14301 MHz, 51 %, 66.29 W, 64, 0x0000000000000400
2026/09/19 17:27:24.970, 2467 MHz, 14301 MHz, 48 %, 53.87 W, 64, 0x0000000000000400
2026/09/19 17:27:25.475, 2475 MHz, 14301 MHz, 52 %, 54.03 W, 63, 0x0000000000000400
2026/09/19 17:27:25.981, 2467 MHz, 14301 MHz, 52 %, 54.39 W, 64, 0x0000000000000400
2026/09/19 17:27:26.483, 2475 MHz, 14301 MHz, 51 %, 53.88 W, 63, 0x0000000000000400
2026/09/19 17:27:26.989, 2505 MHz, 14301 MHz, 51 %, 54.29 W, 63, 0x0000000000000400
2026/09/19 17:27:27.490, 2467 MHz, 14301 MHz, 52 %, 54.38 W, 63, 0x0000000000000400
2026/09/19 17:27:27.994, 2460 MHz, 14301 MHz, 51 %, 53.88 W, 63, 0x0000000000000400
2026/09/19 17:27:28.500, 2497 MHz, 14301 MHz, 51 %, 54.03 W, 63, 0x0000000000000400
2026/09/19 17:27:29.001, 2557 MHz, 14301 MHz, 51 %, 54.76 W, 63, 0x0000000000000400
2026/09/19 17:27:29.504, 2490 MHz, 14301 MHz, 51 %, 54.36 W, 63, 0x0000000000000400
2026/09/19 17:27:30.009, 2460 MHz, 14301 MHz, 49 %, 53.60 W, 63, 0x0000000000000400
2026/09/19 17:27:30.512, 2520 MHz, 14301 MHz, 50 %, 54.05 W, 63, 0x0000000000000400
2026/09/19 17:27:31.018, 2557 MHz, 14301 MHz, 52 %, 54.66 W, 63, 0x0000000000000400
2026/09/19 17:27:31.522, 2475 MHz, 14301 MHz, 53 %, 54.62 W, 63, 0x0000000000000400
2026/09/19 17:27:32.037, 2505 MHz, 14301 MHz, 53 %, 54.46 W, 63, 0x0000000000000400
2026/09/19 17:27:32.540, 2557 MHz, 14301 MHz, 53 %, 54.03 W, 63, 0x0000000000000400
2026/09/19 17:27:33.043, 2857 MHz, 14301 MHz, 98 %, 58.94 W, 64, 0x0000000000000400
2026/09/19 17:27:33.547, 2947 MHz, 14301 MHz, 99 %, 72.44 W, 65, 0x0000000000000400
2026/09/19 17:27:34.061, 2947 MHz, 14301 MHz, 99 %, 83.59 W, 65, 0x0000000000000400
2026/09/19 17:27:34.561, 2940 MHz, 14301 MHz, 98 %, 83.85 W, 66, 0x0000000000000400
2026/09/19 17:27:35.062, 2947 MHz, 14301 MHz, 98 %, 83.81 W, 66, 0x0000000000000400
2026/09/19 17:27:35.563, 2940 MHz, 14301 MHz, 99 %, 83.50 W, 66, 0x0000000000000400
2026/09/19 17:27:36.066, 2940 MHz, 14301 MHz, 98 %, 83.64 W, 66, 0x0000000000000400
2026/09/19 17:27:36.574, 2940 MHz, 14301 MHz, 98 %, 83.93 W, 66, 0x0000000000000400
2026/09/19 17:27:37.077, 2940 MHz, 14301 MHz, 99 %, 83.96 W, 66, 0x0000000000000400
2026/09/19 17:27:37.578, 2940 MHz, 14301 MHz, 98 %, 83.98 W, 66, 0x0000000000000400
2026/09/19 17:27:38.091, 2940 MHz, 14301 MHz, 99 %, 83.93 W, 66, 0x0000000000000400
2026/09/19 17:27:38.595, 2940 MHz, 14301 MHz, 99 %, 83.71 W, 66, 0x0000000000000400
2026/09/19 17:27:39.095, 2940 MHz, 14301 MHz, 99 %, 83.77 W, 66, 0x0000000000000400
2026/09/19 17:27:39.601, 2940 MHz, 14301 MHz, 99 %, 84.09 W, 66, 0x0000000000000400
2026/09/19 17:27:40.106, 2940 MHz, 14301 MHz, 98 %, 84.20 W, 66, 0x0000000000000400
2026/09/19 17:27:40.610, 2940 MHz, 14301 MHz, 99 %, 84.08 W, 66, 0x0000000000000400
2026/09/19 17:27:41.113, 2940 MHz, 14301 MHz, 98 %, 83.87 W, 66, 0x0000000000000400
2026/09/19 17:27:41.620, 2940 MHz, 14301 MHz, 98 %, 83.71 W, 67, 0x0000000000000400
2026/09/19 17:27:42.126, 2902 MHz, 14301 MHz, 91 %, 83.14 W, 66, 0x0000000000000400
2026/09/19 17:27:42.628, 2452 MHz, 14301 MHz, 49 %, 68.19 W, 64, 0x0000000000000400
2026/09/19 17:27:43.129, 2467 MHz, 14301 MHz, 54 %, 56.11 W, 64, 0x0000000000000400
2026/09/19 17:27:43.634, 2497 MHz, 14301 MHz, 52 %, 53.89 W, 63, 0x0000000000000400
2026/09/19 17:27:44.139, 2452 MHz, 14301 MHz, 53 %, 53.70 W, 63, 0x0000000000000400
2026/09/19 17:27:44.640, 2460 MHz, 14301 MHz, 55 %, 54.13 W, 63, 0x0000000000000400
2026/09/19 17:27:45.145, 2460 MHz, 14301 MHz, 54 %, 54.18 W, 63, 0x0000000000000400
2026/09/19 17:27:45.648, 2512 MHz, 14301 MHz, 51 %, 53.83 W, 63, 0x0000000000000400
2026/09/19 17:27:46.149, 2482 MHz, 14301 MHz, 51 %, 53.95 W, 63, 0x0000000000000400
2026/09/19 17:27:46.665, 2512 MHz, 14301 MHz, 51 %, 54.33 W, 63, 0x0000000000000400
2026/09/19 17:27:47.168, 2490 MHz, 14301 MHz, 54 %, 54.94 W, 63, 0x0000000000000400
2026/09/19 17:27:47.674, 2497 MHz, 14301 MHz, 50 %, 54.39 W, 63, 0x0000000000000400
2026/09/19 17:27:48.190, 2512 MHz, 14301 MHz, 50 %, 54.08 W, 63, 0x0000000000000400
2026/09/19 17:27:48.691, 2520 MHz, 14301 MHz, 53 %, 54.62 W, 63, 0x0000000000000400
2026/09/19 17:27:49.191, 2445 MHz, 14301 MHz, 50 %, 54.01 W, 63, 0x0000000000000400
2026/09/19 17:27:49.696, 2512 MHz, 14301 MHz, 48 %, 53.90 W, 63, 0x0000000000000400
2026/09/19 17:27:50.201, 2505 MHz, 14301 MHz, 51 %, 54.17 W, 63, 0x0000000000000400
2026/09/19 17:27:50.705, 2497 MHz, 14301 MHz, 52 %, 53.98 W, 63, 0x0000000000000400
2026/09/19 17:27:51.206, 2542 MHz, 14301 MHz, 55 %, 54.24 W, 62, 0x0000000000000400
2026/09/19 17:27:51.710, 2955 MHz, 14301 MHz, 99 %, 62.68 W, 65, 0x0000000000000400
2026/09/19 17:27:52.212, 2940 MHz, 14301 MHz, 98 %, 77.78 W, 66, 0x0000000000000400
2026/09/19 17:27:52.719, 2940 MHz, 14301 MHz, 99 %, 83.30 W, 66, 0x0000000000000400
2026/09/19 17:27:53.221, 2940 MHz, 14301 MHz, 99 %, 83.32 W, 66, 0x0000000000000400
2026/09/19 17:27:53.725, 2947 MHz, 14301 MHz, 99 %, 83.07 W, 66, 0x0000000000000400
2026/09/19 17:27:54.228, 2947 MHz, 14301 MHz, 99 %, 83.14 W, 66, 0x0000000000000400
2026/09/19 17:27:54.731, 2947 MHz, 14301 MHz, 98 %, 83.02 W, 66, 0x0000000000000400
2026/09/19 17:27:55.237, 2940 MHz, 14301 MHz, 99 %, 82.99 W, 66, 0x0000000000000400
2026/09/19 17:27:55.742, 2947 MHz, 14301 MHz, 99 %, 83.34 W, 66, 0x0000000000000400
2026/09/19 17:27:56.243, 2940 MHz, 14301 MHz, 98 %, 83.79 W, 66, 0x0000000000000400
2026/09/19 17:27:56.746, 2947 MHz, 14301 MHz, 99 %, 83.57 W, 66, 0x0000000000000400
2026/09/19 17:27:57.250, 2940 MHz, 14301 MHz, 99 %, 83.45 W, 66, 0x0000000000000400
2026/09/19 17:27:57.757, 2940 MHz, 14301 MHz, 98 %, 83.54 W, 66, 0x0000000000000400
2026/09/19 17:27:58.261, 2940 MHz, 14301 MHz, 99 %, 83.66 W, 66, 0x0000000000000400
2026/09/19 17:27:58.767, 2940 MHz, 14301 MHz, 99 %, 83.75 W, 66, 0x0000000000000400
2026/09/19 17:27:59.276, 2940 MHz, 14301 MHz, 99 %, 83.75 W, 67, 0x0000000000000400
2026/09/19 17:27:59.781, 2940 MHz, 14301 MHz, 99 %, 83.78 W, 66, 0x0000000000000400
2026/09/19 17:28:00.296, 2940 MHz, 14301 MHz, 99 %, 83.69 W, 67, 0x0000000000000400
2026/09/19 17:28:00.800, 2947 MHz, 14301 MHz, 98 %, 83.52 W, 67, 0x0000000000000400
2026/09/19 17:28:01.304, 2520 MHz, 14301 MHz, 52 %, 69.93 W, 63, 0x0000000000000400
2026/09/19 17:28:01.809, 2452 MHz, 14301 MHz, 49 %, 54.76 W, 64, 0x0000000000000400
2026/09/19 17:28:02.322, 2520 MHz, 14301 MHz, 53 %, 53.91 W, 63, 0x0000000000000400
2026/09/19 17:28:02.827, 2490 MHz, 14301 MHz, 51 %, 54.16 W, 63, 0x0000000000000400
2026/09/19 17:28:03.333, 2512 MHz, 14301 MHz, 53 %, 54.34 W, 63, 0x0000000000000400
2026/09/19 17:28:03.833, 2512 MHz, 14301 MHz, 53 %, 54.31 W, 63, 0x0000000000000400
2026/09/19 17:28:04.337, 2497 MHz, 14301 MHz, 55 %, 53.99 W, 63, 0x0000000000000400
2026/09/19 17:28:04.838, 2505 MHz, 14301 MHz, 52 %, 54.09 W, 63, 0x0000000000000400
2026/09/19 17:28:05.353, 2520 MHz, 14301 MHz, 51 %, 54.12 W, 63, 0x0000000000000400
2026/09/19 17:28:05.861, 2535 MHz, 14301 MHz, 51 %, 54.38 W, 62, 0x0000000000000400
2026/09/19 17:28:06.362, 2475 MHz, 14301 MHz, 50 %, 54.08 W, 63, 0x0000000000000400
2026/09/19 17:28:06.865, 2527 MHz, 14301 MHz, 50 %, 53.81 W, 63, 0x0000000000000400
2026/09/19 17:28:07.366, 2550 MHz, 14301 MHz, 51 %, 54.15 W, 63, 0x0000000000000400
2026/09/19 17:28:07.868, 2475 MHz, 14301 MHz, 50 %, 53.93 W, 63, 0x0000000000000400
2026/09/19 17:28:08.375, 2535 MHz, 14301 MHz, 54 %, 53.97 W, 62, 0x0000000000000400
2026/09/19 17:28:08.888, 2512 MHz, 14301 MHz, 50 %, 54.01 W, 63, 0x0000000000000400
2026/09/19 17:28:09.391, 2520 MHz, 14301 MHz, 50 %, 53.95 W, 63, 0x0000000000000400
2026/09/19 17:28:09.893, 2535 MHz, 14301 MHz, 52 %, 54.40 W, 62, 0x0000000000000400
2026/09/19 17:28:10.395, 2895 MHz, 14301 MHz, 98 %, 59.33 W, 64, 0x0000000000000400
2026/09/19 17:28:10.910, 2947 MHz, 14301 MHz, 99 %, 74.11 W, 65, 0x0000000000000400
2026/09/19 17:28:11.416, 2947 MHz, 14301 MHz, 99 %, 82.78 W, 66, 0x0000000000000400
2026/09/19 17:28:11.921, 2940 MHz, 14301 MHz, 99 %, 83.03 W, 66, 0x0000000000000400
2026/09/19 17:28:12.424, 2947 MHz, 14301 MHz, 99 %, 83.07 W, 66, 0x0000000000000400
2026/09/19 17:28:12.927, 2940 MHz, 14301 MHz, 98 %, 82.94 W, 66, 0x0000000000000400
2026/09/19 17:28:13.432, 2947 MHz, 14301 MHz, 98 %, 83.11 W, 66, 0x0000000000000400
2026/09/19 17:28:13.936, 2940 MHz, 14301 MHz, 99 %, 83.21 W, 66, 0x0000000000000400
2026/09/19 17:28:14.439, 2940 MHz, 14301 MHz, 99 %, 83.26 W, 66, 0x0000000000000400
2026/09/19 17:28:14.944, 2947 MHz, 14301 MHz, 99 %, 83.57 W, 66, 0x0000000000000400
2026/09/19 17:28:15.448, 2947 MHz, 14301 MHz, 98 %, 83.61 W, 66, 0x0000000000000400
2026/09/19 17:28:15.952, 2947 MHz, 14301 MHz, 99 %, 83.34 W, 66, 0x0000000000000400
2026/09/19 17:28:16.454, 2947 MHz, 14301 MHz, 99 %, 83.40 W, 66, 0x0000000000000400
2026/09/19 17:28:16.958, 2940 MHz, 14301 MHz, 99 %, 83.79 W, 66, 0x0000000000000400
2026/09/19 17:28:17.467, 2947 MHz, 14301 MHz, 99 %, 83.65 W, 66, 0x0000000000000400
2026/09/19 17:28:17.971, 2940 MHz, 14301 MHz, 99 %, 83.77 W, 66, 0x0000000000000400
2026/09/19 17:28:18.477, 2940 MHz, 14301 MHz, 99 %, 83.64 W, 66, 0x0000000000000400
2026/09/19 17:28:18.978, 2947 MHz, 14301 MHz, 99 %, 83.56 W, 66, 0x0000000000000400
2026/09/19 17:28:19.481, 2482 MHz, 14301 MHz, 54 %, 74.32 W, 64, 0x0000000000000400
2026/09/19 17:28:19.981, 2482 MHz, 14301 MHz, 51 %, 59.17 W, 63, 0x0000000000000400
2026/09/19 17:28:20.497, 2497 MHz, 14301 MHz, 52 %, 53.84 W, 63, 0x0000000000000400
2026/09/19 17:28:20.999, 2482 MHz, 14301 MHz, 51 %, 53.78 W, 63, 0x0000000000000400
2026/09/19 17:28:21.506, 2505 MHz, 14301 MHz, 50 %, 53.94 W, 63, 0x0000000000000400
2026/09/19 17:28:22.008, 2557 MHz, 14301 MHz, 53 %, 54.65 W, 63, 0x0000000000000400
2026/09/19 17:28:22.510, 2475 MHz, 14301 MHz, 52 %, 54.62 W, 64, 0x0000000000000400
2026/09/19 17:28:23.025, 2527 MHz, 14301 MHz, 52 %, 54.51 W, 63, 0x0000000000000400
2026/09/19 17:28:23.531, 2512 MHz, 14301 MHz, 51 %, 54.25 W, 63, 0x0000000000000400
2026/09/19 17:28:24.033, 2467 MHz, 14301 MHz, 53 %, 53.85 W, 63, 0x0000000000000400
2026/09/19 17:28:24.535, 2490 MHz, 14301 MHz, 55 %, 54.05 W, 63, 0x0000000000000400
2026/09/19 17:28:25.039, 2505 MHz, 14301 MHz, 53 %, 53.98 W, 63, 0x0000000000000400
2026/09/19 17:28:25.541, 2550 MHz, 14301 MHz, 51 %, 54.03 W, 62, 0x0000000000000400
2026/09/19 17:28:26.042, 2542 MHz, 14301 MHz, 53 %, 54.51 W, 63, 0x0000000000000400
2026/09/19 17:28:26.556, 2505 MHz, 14301 MHz, 50 %, 54.27 W, 63, 0x0000000000000400
2026/09/19 17:28:27.057, 2512 MHz, 14301 MHz, 52 %, 54.18 W, 62, 0x0000000000000400
2026/09/19 17:28:27.561, 2550 MHz, 14301 MHz, 51 %, 54.23 W, 62, 0x0000000000000400
2026/09/19 17:28:28.077, 2520 MHz, 14301 MHz, 52 %, 54.00 W, 62, 0x0000000000000400
2026/09/19 17:28:28.578, 2580 MHz, 14301 MHz, 77 %, 55.01 W, 64, 0x0000000000000400
2026/09/19 17:28:29.087, 2955 MHz, 14301 MHz, 99 %, 69.64 W, 65, 0x0000000000000400
2026/09/19 17:28:29.602, 2947 MHz, 14301 MHz, 98 %, 81.82 W, 66, 0x0000000000000400
2026/09/19 17:28:30.107, 2940 MHz, 14301 MHz, 99 %, 83.20 W, 65, 0x0000000000000400
2026/09/19 17:28:30.610, 2940 MHz, 14301 MHz, 98 %, 83.23 W, 66, 0x0000000000000400
2026/09/19 17:28:31.112, 2940 MHz, 14301 MHz, 99 %, 83.52 W, 66, 0x0000000000000400
2026/09/19 17:28:31.618, 2947 MHz, 14301 MHz, 98 %, 83.69 W, 66, 0x0000000000000400
2026/09/19 17:28:32.121, 2940 MHz, 14301 MHz, 98 %, 83.65 W, 66, 0x0000000000000400
2026/09/19 17:28:32.621, 2940 MHz, 14301 MHz, 99 %, 83.80 W, 66, 0x0000000000000400
2026/09/19 17:28:33.125, 2940 MHz, 14301 MHz, 99 %, 83.97 W, 66, 0x0000000000000400
2026/09/19 17:28:33.631, 2940 MHz, 14301 MHz, 99 %, 83.92 W, 66, 0x0000000000000400
2026/09/19 17:28:34.135, 2940 MHz, 14301 MHz, 98 %, 83.65 W, 66, 0x0000000000000400
2026/09/19 17:28:34.639, 2940 MHz, 14301 MHz, 98 %, 83.66 W, 66, 0x0000000000000400
2026/09/19 17:28:35.142, 2940 MHz, 14301 MHz, 98 %, 83.89 W, 66, 0x0000000000000400
2026/09/19 17:28:35.642, 2947 MHz, 14301 MHz, 99 %, 83.80 W, 66, 0x0000000000000400
2026/09/19 17:28:36.148, 2940 MHz, 14301 MHz, 99 %, 83.86 W, 66, 0x0000000000000400
2026/09/19 17:28:36.651, 2940 MHz, 14301 MHz, 99 %, 83.83 W, 66, 0x0000000000000400
2026/09/19 17:28:37.155, 2940 MHz, 14301 MHz, 99 %, 83.73 W, 66, 0x0000000000000400
2026/09/19 17:28:37.658, 2940 MHz, 14301 MHz, 99 %, 83.88 W, 66, 0x0000000000000400
2026/09/19 17:28:38.173, 2497 MHz, 14301 MHz, 47 %, 74.67 W, 64, 0x0000000000000400
2026/09/19 17:28:38.678, 2497 MHz, 14301 MHz, 48 %, 58.60 W, 64, 0x0000000000000400
2026/09/19 17:28:39.184, 2452 MHz, 14301 MHz, 51 %, 53.83 W, 63, 0x0000000000000400
2026/09/19 17:28:39.687, 2482 MHz, 14301 MHz, 50 %, 54.00 W, 63, 0x0000000000000400
2026/09/19 17:28:40.194, 2482 MHz, 14301 MHz, 54 %, 53.89 W, 63, 0x0000000000000400
2026/09/19 17:28:40.701, 2482 MHz, 14301 MHz, 55 %, 54.36 W, 63, 0x0000000000000400
2026/09/19 17:28:41.210, 2512 MHz, 14301 MHz, 50 %, 54.40 W, 63, 0x0000000000000400
2026/09/19 17:28:41.713, 2557 MHz, 14301 MHz, 53 %, 54.55 W, 63, 0x0000000000000400
2026/09/19 17:28:42.217, 2542 MHz, 14301 MHz, 50 %, 54.56 W, 63, 0x0000000000000400
2026/09/19 17:28:42.719, 2550 MHz, 14301 MHz, 52 %, 54.42 W, 63, 0x0000000000000400
2026/09/19 17:28:43.223, 2527 MHz, 14301 MHz, 51 %, 54.22 W, 63, 0x0000000000000400
2026/09/19 17:28:43.725, 2550 MHz, 14301 MHz, 50 %, 54.27 W, 62, 0x0000000000000400
2026/09/19 17:28:44.231, 2557 MHz, 14301 MHz, 52 %, 54.37 W, 63, 0x0000000000000400
2026/09/19 17:28:44.735, 2475 MHz, 14301 MHz, 52 %, 53.93 W, 63, 0x0000000000000400
2026/09/19 17:28:45.238, 2497 MHz, 14301 MHz, 53 %, 54.18 W, 63, 0x0000000000000400
2026/09/19 17:28:45.744, 2505 MHz, 14301 MHz, 53 %, 54.65 W, 62, 0x0000000000000400
2026/09/19 17:28:46.244, 2565 MHz, 14301 MHz, 52 %, 54.49 W, 63, 0x0000000000000400
2026/09/19 17:28:46.748, 2512 MHz, 14301 MHz, 51 %, 54.29 W, 63, 0x0000000000000400
2026/09/19 17:28:47.254, 2880 MHz, 14301 MHz, 98 %, 60.23 W, 65, 0x0000000000000400
2026/09/19 17:28:47.760, 2955 MHz, 14301 MHz, 99 %, 75.00 W, 66, 0x0000000000000400
2026/09/19 17:28:48.265, 2940 MHz, 14301 MHz, 98 %, 83.71 W, 66, 0x0000000000000400
2026/09/19 17:28:48.770, 2940 MHz, 14301 MHz, 99 %, 83.77 W, 66, 0x0000000000000400
2026/09/19 17:28:49.272, 2947 MHz, 14301 MHz, 99 %, 83.77 W, 66, 0x0000000000000400
2026/09/19 17:28:49.786, 2940 MHz, 14301 MHz, 99 %, 83.70 W, 66, 0x0000000000000400
2026/09/19 17:28:50.288, 2947 MHz, 14301 MHz, 99 %, 83.69 W, 66, 0x0000000000000400
2026/09/19 17:28:50.793, 2940 MHz, 14301 MHz, 99 %, 83.71 W, 66, 0x0000000000000400
2026/09/19 17:28:51.296, 2940 MHz, 14301 MHz, 99 %, 84.04 W, 66, 0x0000000000000400
2026/09/19 17:28:51.802, 2940 MHz, 14301 MHz, 99 %, 84.32 W, 66, 0x0000000000000400
2026/09/19 17:28:52.304, 2940 MHz, 14301 MHz, 98 %, 84.20 W, 66, 0x0000000000000400
2026/09/19 17:28:52.807, 2940 MHz, 14301 MHz, 99 %, 84.11 W, 66, 0x0000000000000400
2026/09/19 17:28:53.310, 2940 MHz, 14301 MHz, 99 %, 84.10 W, 66, 0x0000000000000400
2026/09/19 17:28:53.816, 2940 MHz, 14301 MHz, 99 %, 84.30 W, 66, 0x0000000000000400
2026/09/19 17:28:54.317, 2940 MHz, 14301 MHz, 99 %, 84.42 W, 66, 0x0000000000000400
2026/09/19 17:28:54.819, 2940 MHz, 14301 MHz, 99 %, 84.29 W, 66, 0x0000000000000400
2026/09/19 17:28:55.324, 2940 MHz, 14301 MHz, 98 %, 84.19 W, 66, 0x0000000000000400
2026/09/19 17:28:55.830, 2940 MHz, 14301 MHz, 99 %, 84.11 W, 66, 0x0000000000000400
2026/09/19 17:28:56.333, 2752 MHz, 14301 MHz, 49 %, 77.60 W, 64, 0x0000000000000400
2026/09/19 17:28:56.836, 2460 MHz, 14301 MHz, 52 %, 61.78 W, 64, 0x0000000000000400
2026/09/19 17:28:57.355, 2475 MHz, 14301 MHz, 52 %, 53.80 W, 63, 0x0000000000000400
2026/09/19 17:28:57.868, 2535 MHz, 14301 MHz, 51 %, 54.28 W, 63, 0x0000000000000400
2026/09/19 17:28:58.371, 2490 MHz, 14301 MHz, 52 %, 54.09 W, 63, 0x0000000000000400
2026/09/19 17:28:58.886, 2490 MHz, 14301 MHz, 51 %, 54.37 W, 63, 0x0000000000000400
2026/09/19 17:28:59.394, 2535 MHz, 14301 MHz, 51 %, 54.58 W, 63, 0x0000000000000400
2026/09/19 17:28:59.895, 2452 MHz, 14301 MHz, 52 %, 54.22 W, 63, 0x0000000000000400
2026/09/19 17:29:00.401, 2520 MHz, 14301 MHz, 51 %, 54.17 W, 63, 0x0000000000000400
2026/09/19 17:29:00.903, 2512 MHz, 14301 MHz, 51 %, 53.93 W, 63, 0x0000000000000400
2026/09/19 17:29:01.405, 2557 MHz, 14301 MHz, 51 %, 54.32 W, 63, 0x0000000000000400
2026/09/19 17:29:01.911, 2527 MHz, 14301 MHz, 52 %, 54.81 W, 63, 0x0000000000000400
2026/09/19 17:29:02.416, 2550 MHz, 14301 MHz, 51 %, 54.73 W, 62, 0x0000000000000400
2026/09/19 17:29:02.917, 2505 MHz, 14301 MHz, 54 %, 54.58 W, 63, 0x0000000000000400
2026/09/19 17:29:03.423, 2557 MHz, 14301 MHz, 50 %, 53.96 W, 63, 0x0000000000000400
2026/09/19 17:29:03.928, 2497 MHz, 14301 MHz, 51 %, 54.09 W, 62, 0x0000000000000400
2026/09/19 17:29:04.430, 2512 MHz, 14301 MHz, 52 %, 54.26 W, 63, 0x0000000000000400
2026/09/19 17:29:04.945, 2505 MHz, 14301 MHz, 53 %, 54.29 W, 63, 0x0000000000000400
2026/09/19 17:29:05.460, 2707 MHz, 14301 MHz, 98 %, 59.43 W, 64, 0x0000000000000400
2026/09/19 17:29:05.964, 2955 MHz, 14301 MHz, 99 %, 74.24 W, 65, 0x0000000000000400
2026/09/19 17:29:06.478, 2940 MHz, 14301 MHz, 99 %, 83.57 W, 65, 0x0000000000000400
2026/09/19 17:29:06.986, 2940 MHz, 14301 MHz, 98 %, 83.74 W, 66, 0x0000000000000400
2026/09/19 17:29:07.491, 2940 MHz, 14301 MHz, 99 %, 83.75 W, 66, 0x0000000000000400
2026/09/19 17:29:07.995, 2940 MHz, 14301 MHz, 98 %, 83.70 W, 66, 0x0000000000000400
2026/09/19 17:29:08.501, 2940 MHz, 14301 MHz, 99 %, 83.88 W, 66, 0x0000000000000400
2026/09/19 17:29:09.001, 2940 MHz, 14301 MHz, 99 %, 84.33 W, 66, 0x0000000000000400
2026/09/19 17:29:09.504, 2940 MHz, 14301 MHz, 99 %, 84.55 W, 66, 0x0000000000000400
2026/09/19 17:29:10.009, 2940 MHz, 14301 MHz, 99 %, 84.39 W, 66, 0x0000000000000400
2026/09/19 17:29:10.524, 2940 MHz, 14301 MHz, 99 %, 84.25 W, 66, 0x0000000000000400
2026/09/19 17:29:11.032, 2940 MHz, 14301 MHz, 99 %, 84.47 W, 66, 0x0000000000000400
2026/09/19 17:29:11.536, 2940 MHz, 14301 MHz, 99 %, 84.68 W, 66, 0x0000000000000400
2026/09/19 17:29:12.039, 2940 MHz, 14301 MHz, 99 %, 84.53 W, 66, 0x0000000000000400
2026/09/19 17:29:12.543, 2940 MHz, 14301 MHz, 98 %, 84.43 W, 67, 0x0000000000000400
2026/09/19 17:29:13.046, 2940 MHz, 14301 MHz, 99 %, 84.33 W, 67, 0x0000000000000400
2026/09/19 17:29:13.547, 2940 MHz, 14301 MHz, 99 %, 84.38 W, 67, 0x0000000000000400
2026/09/19 17:29:14.051, 2835 MHz, 14301 MHz, 53 %, 79.69 W, 65, 0x0000000000000400
2026/09/19 17:29:14.556, 2550 MHz, 14301 MHz, 51 %, 64.88 W, 63, 0x0000000000000400
2026/09/19 17:29:15.076, 2490 MHz, 14301 MHz, 50 %, 54.04 W, 63, 0x0000000000000400
2026/09/19 17:29:15.580, 2512 MHz, 14301 MHz, 52 %, 53.94 W, 63, 0x0000000000000400
2026/09/19 17:29:16.086, 2527 MHz, 14301 MHz, 52 %, 54.25 W, 63, 0x0000000000000400
2026/09/19 17:29:16.590, 2527 MHz, 14301 MHz, 51 %, 54.58 W, 63, 0x0000000000000400
2026/09/19 17:29:17.093, 2527 MHz, 14301 MHz, 52 %, 54.74 W, 63, 0x0000000000000400
2026/09/19 17:29:17.609, 2505 MHz, 14301 MHz, 52 %, 54.76 W, 63, 0x0000000000000400
2026/09/19 17:29:18.113, 2550 MHz, 14301 MHz, 52 %, 54.83 W, 63, 0x0000000000000400
2026/09/19 17:29:18.619, 2580 MHz, 14301 MHz, 52 %, 55.00 W, 63, 0x0000000000000400
2026/09/19 17:29:19.123, 2520 MHz, 14301 MHz, 51 %, 54.88 W, 63, 0x0000000000000400
2026/09/19 17:29:19.638, 2512 MHz, 14301 MHz, 52 %, 54.82 W, 63, 0x0000000000000400
2026/09/19 17:29:20.140, 2482 MHz, 14301 MHz, 51 %, 54.67 W, 63, 0x0000000000000400
2026/09/19 17:29:20.640, 2542 MHz, 14301 MHz, 52 %, 54.45 W, 63, 0x0000000000000400
2026/09/19 17:29:21.142, 2460 MHz, 14301 MHz, 52 %, 54.22 W, 62, 0x0000000000000400
2026/09/19 17:29:21.648, 2527 MHz, 14301 MHz, 52 %, 54.06 W, 62, 0x0000000000000400
2026/09/19 17:29:22.151, 2557 MHz, 14301 MHz, 52 %, 54.21 W, 63, 0x0000000000000400
2026/09/19 17:29:22.656, 2505 MHz, 14301 MHz, 52 %, 54.38 W, 63, 0x0000000000000400
2026/09/19 17:29:23.161, 2700 MHz, 14301 MHz, 98 %, 59.72 W, 64, 0x0000000000000400
2026/09/19 17:29:23.669, 2940 MHz, 14301 MHz, 99 %, 72.89 W, 65, 0x0000000000000400
2026/09/19 17:29:24.169, 2940 MHz, 14301 MHz, 98 %, 83.59 W, 65, 0x0000000000000400
2026/09/19 17:29:24.671, 2940 MHz, 14301 MHz, 99 %, 83.77 W, 66, 0x0000000000000400
2026/09/19 17:29:25.185, 2940 MHz, 14301 MHz, 98 %, 83.81 W, 66, 0x0000000000000400
2026/09/19 17:29:25.687, 2940 MHz, 14301 MHz, 99 %, 83.71 W, 66, 0x0000000000000400
2026/09/19 17:29:26.193, 2940 MHz, 14301 MHz, 98 %, 83.75 W, 66, 0x0000000000000400
2026/09/19 17:29:26.708, 2940 MHz, 14301 MHz, 98 %, 83.99 W, 66, 0x0000000000000400
2026/09/19 17:29:27.211, 2940 MHz, 14301 MHz, 98 %, 84.23 W, 66, 0x0000000000000400
2026/09/19 17:29:27.713, 2940 MHz, 14301 MHz, 99 %, 84.36 W, 66, 0x0000000000000400
2026/09/19 17:29:28.219, 2940 MHz, 14301 MHz, 98 %, 84.24 W, 66, 0x0000000000000400
2026/09/19 17:29:28.735, 2947 MHz, 14301 MHz, 99 %, 84.14 W, 66, 0x0000000000000400
2026/09/19 17:29:29.240, 2940 MHz, 14301 MHz, 98 %, 84.15 W, 66, 0x0000000000000400
2026/09/19 17:29:29.742, 2940 MHz, 14301 MHz, 99 %, 84.37 W, 66, 0x0000000000000400
2026/09/19 17:29:30.246, 2940 MHz, 14301 MHz, 99 %, 84.39 W, 66, 0x0000000000000400
2026/09/19 17:29:30.749, 2940 MHz, 14301 MHz, 99 %, 84.39 W, 66, 0x0000000000000400
2026/09/19 17:29:31.254, 2940 MHz, 14301 MHz, 99 %, 84.36 W, 66, 0x0000000000000400
2026/09/19 17:29:31.757, 2940 MHz, 14301 MHz, 99 %, 84.24 W, 66, 0x0000000000000400
2026/09/19 17:29:32.257, 2940 MHz, 14301 MHz, 50 %, 81.19 W, 65, 0x0000000000000400
2026/09/19 17:29:32.759, 2475 MHz, 14301 MHz, 52 %, 66.00 W, 63, 0x0000000000000400
2026/09/19 17:29:33.261, 2497 MHz, 14301 MHz, 51 %, 53.89 W, 64, 0x0000000000000400
2026/09/19 17:29:33.777, 2527 MHz, 14301 MHz, 53 %, 54.01 W, 64, 0x0000000000000400
2026/09/19 17:29:34.280, 2557 MHz, 14301 MHz, 50 %, 54.82 W, 63, 0x0000000000000400
2026/09/19 17:29:34.783, 2490 MHz, 14301 MHz, 54 %, 54.73 W, 63, 0x0000000000000400
2026/09/19 17:29:35.284, 2550 MHz, 14301 MHz, 51 %, 54.50 W, 63, 0x0000000000000400
2026/09/19 17:29:35.794, 2467 MHz, 14301 MHz, 52 %, 54.21 W, 63, 0x0000000000000400
2026/09/19 17:29:36.299, 2497 MHz, 14301 MHz, 51 %, 53.91 W, 63, 0x0000000000000400
2026/09/19 17:29:36.806, 2520 MHz, 14301 MHz, 54 %, 54.39 W, 63, 0x0000000000000400
2026/09/19 17:29:37.310, 2490 MHz, 14301 MHz, 53 %, 54.57 W, 63, 0x0000000000000400
2026/09/19 17:29:37.814, 2550 MHz, 14301 MHz, 55 %, 54.53 W, 63, 0x0000000000000400
2026/09/19 17:29:38.329, 2505 MHz, 14301 MHz, 52 %, 54.82 W, 63, 0x0000000000000400
2026/09/19 17:29:38.844, 2542 MHz, 14301 MHz, 52 %, 54.85 W, 63, 0x0000000000000400
2026/09/19 17:29:39.348, 2490 MHz, 14301 MHz, 53 %, 54.42 W, 62, 0x0000000000000400
2026/09/19 17:29:39.857, 2520 MHz, 14301 MHz, 52 %, 54.14 W, 63, 0x0000000000000400
2026/09/19 17:29:40.365, 2475 MHz, 14301 MHz, 53 %, 54.19 W, 63, 0x0000000000000400
2026/09/19 17:29:40.871, 2535 MHz, 14301 MHz, 50 %, 54.37 W, 63, 0x0000000000000400
2026/09/19 17:29:41.375, 2557 MHz, 14301 MHz, 89 %, 56.55 W, 64, 0x0000000000000400
2026/09/19 17:29:41.880, 2947 MHz, 14301 MHz, 99 %, 71.23 W, 65, 0x0000000000000400
2026/09/19 17:29:42.385, 2947 MHz, 14301 MHz, 98 %, 83.60 W, 65, 0x0000000000000400
2026/09/19 17:29:42.887, 2947 MHz, 14301 MHz, 98 %, 83.74 W, 66, 0x0000000000000400
2026/09/19 17:29:43.391, 2940 MHz, 14301 MHz, 99 %, 83.86 W, 66, 0x0000000000000400
2026/09/19 17:29:43.891, 2947 MHz, 14301 MHz, 99 %, 83.78 W, 66, 0x0000000000000400
2026/09/19 17:29:44.397, 2940 MHz, 14301 MHz, 99 %, 83.72 W, 66, 0x0000000000000400
2026/09/19 17:29:44.901, 2940 MHz, 14301 MHz, 98 %, 84.01 W, 66, 0x0000000000000400
2026/09/19 17:29:45.405, 2947 MHz, 14301 MHz, 99 %, 84.40 W, 66, 0x0000000000000400
2026/09/19 17:29:45.906, 2940 MHz, 14301 MHz, 99 %, 84.43 W, 66, 0x0000000000000400
2026/09/19 17:29:46.406, 2940 MHz, 14301 MHz, 99 %, 84.42 W, 66, 0x0000000000000400
2026/09/19 17:29:46.911, 2940 MHz, 14301 MHz, 98 %, 84.64 W, 66, 0x0000000000000400
2026/09/19 17:29:47.415, 2940 MHz, 14301 MHz, 99 %, 84.84 W, 67, 0x0000000000000400
2026/09/19 17:29:47.920, 2940 MHz, 14301 MHz, 99 %, 84.87 W, 66, 0x0000000000000400
2026/09/19 17:29:48.424, 2182 MHz, 14301 MHz, 3 %, 70.42 W, 62, 0x0000000000000400
2026/09/19 17:29:48.930, 1642 MHz, 14301 MHz, 1 %, 40.66 W, 61, 0x0000000000000400
2026/09/19 17:29:49.436, 1680 MHz, 14301 MHz, 1 %, 25.13 W, 60, 0x0000000000000400
2026/09/19 17:29:49.944, 1650 MHz, 14301 MHz, 1 %, 24.87 W, 60, 0x0000000000000400
2026/09/19 17:29:50.451, 1642 MHz, 14301 MHz, 2 %, 24.85 W, 60, 0x0000000000000400
2026/09/19 17:29:50.956, 1620 MHz, 14301 MHz, 2 %, 24.78 W, 59, 0x0000000000000400
2026/09/19 17:29:51.466, 1627 MHz, 14301 MHz, 1 %, 24.76 W, 59, 0x0000000000000400
2026/09/19 17:29:51.976, 1642 MHz, 14301 MHz, 2 %, 24.53 W, 59, 0x0000000000000400
2026/09/19 17:29:52.482, 1635 MHz, 14301 MHz, 1 %, 24.41 W, 59, 0x0000000000000400
2026/09/19 17:29:52.989, 1635 MHz, 14301 MHz, 2 %, 24.35 W, 59, 0x0000000000000400
